event_id,event_title,pokemon,shiny,asset,label,availability,section,day,habitat,source_text
summer_marathon_arctic_embers,Summer Marathon: Arctic Embers,Snom,False,Normal/Snom.png,Eggs — Normal,Egg,Eggs,,,"For the first time in Pokemon GO, you'll be able to encounter Shiny Snom—if you're lucky! You may encounter Snom when you complete GO Pass tasks. You may also hatch Snom from Eggs."
summer_marathon_arctic_embers,Summer Marathon: Arctic Embers,Snom,True,Shiny/Snom_shiny.png,Eggs — Shiny,Egg,Eggs,,,"For the first time in Pokemon GO, you'll be able to encounter Shiny Snom—if you're lucky! You may encounter Snom when you complete GO Pass tasks. You may also hatch Snom from Eggs."
summer_marathon_arctic_embers,Summer Marathon: Arctic Embers,Snom,False,Normal/Snom.png,Eggs — Normal,Egg,Eggs,,,Snom
summer_marathon_arctic_embers,Summer Marathon: Arctic Embers,Vanillite,False,Normal/Vanillite.png,Eggs — Normal,Egg,Eggs,,,"You'll also have an increased chance of encountering Shiny Ponyta, Slugma, Snover, and Vanillite!"
summer_marathon_arctic_embers,Summer Marathon: Arctic Embers,Vanillite,True,Shiny/Vanillite_shiny.png,Eggs — Shiny,Egg,Eggs,,,"You'll also have an increased chance of encountering Shiny Ponyta, Slugma, Snover, and Vanillite!"
summer_marathon_arctic_embers,Summer Marathon: Arctic Embers,Ponyta,False,Normal/Ponyta.png,Eggs — Normal,Egg,Eggs,,,"You'll also have an increased chance of encountering Shiny Ponyta, Slugma, Snover, and Vanillite!"
summer_marathon_arctic_embers,Summer Marathon: Arctic Embers,Ponyta,True,Shiny/Ponyta_shiny.png,Eggs — Shiny,Egg,Eggs,,,"You'll also have an increased chance of encountering Shiny Ponyta, Slugma, Snover, and Vanillite!"
summer_marathon_arctic_embers,Summer Marathon: Arctic Embers,Slugma,False,Normal/Slugma.png,Eggs — Normal,Egg,Eggs,,,"You'll also have an increased chance of encountering Shiny Ponyta, Slugma, Snover, and Vanillite!"
summer_marathon_arctic_embers,Summer Marathon: Arctic Embers,Slugma,True,Shiny/Slugma_shiny.png,Eggs — Shiny,Egg,Eggs,,,"You'll also have an increased chance of encountering Shiny Ponyta, Slugma, Snover, and Vanillite!"
summer_marathon_arctic_embers,Summer Marathon: Arctic Embers,Snover,False,Normal/Snover.png,Eggs — Normal,Egg,Eggs,,,"You'll also have an increased chance of encountering Shiny Ponyta, Slugma, Snover, and Vanillite!"
summer_marathon_arctic_embers,Summer Marathon: Arctic Embers,Snover,True,Shiny/Snover_shiny.png,Eggs — Shiny,Egg,Eggs,,,"You'll also have an increased chance of encountering Shiny Ponyta, Slugma, Snover, and Vanillite!"
summer_marathon_arctic_embers,Summer Marathon: Arctic Embers,Vulpix,False,Alolan/Vulpix_alolan.png,Wild Encounters — Alolan — Event Costume — Normal,Wild,Wild Encounters,,,"You may encounter event-themed Pokemon in the wild, including Vulpix, Alolan Vulpix, Growlithe, Swinub, Snorunt, and more!"
summer_marathon_arctic_embers,Summer Marathon: Arctic Embers,Vulpix,False,Normal/Vulpix.png,Wild Encounters — Normal,Wild,Wild Encounters,,,Vulpix
summer_marathon_arctic_embers,Summer Marathon: Arctic Embers,Vulpix,True,Shiny/Vulpix_shiny.png,Wild Encounters — Shiny,Wild,Wild Encounters,,,Vulpix
summer_marathon_arctic_embers,Summer Marathon: Arctic Embers,Vulpix,False,Normal/Vulpix.png,Wild Encounters — Normal,Wild,Wild Encounters,,,Vulpix
summer_marathon_arctic_embers,Summer Marathon: Arctic Embers,Vulpix,False,Alolan/Vulpix_alolan.png,Wild Encounters — Alolan — Normal,Wild,Wild Encounters,,,Alolan Vulpix
summer_marathon_arctic_embers,Summer Marathon: Arctic Embers,Vulpix,True,Alolan/Shiny/Vulpix_alolan_shiny.png,Wild Encounters — Alolan — Shiny,Wild,Wild Encounters,,,Alolan Vulpix
summer_marathon_arctic_embers,Summer Marathon: Arctic Embers,Vulpix,False,Alolan/Vulpix_alolan.png,Wild Encounters — Alolan — Normal,Wild,Wild Encounters,,,Alolan Vulpix
summer_marathon_arctic_embers,Summer Marathon: Arctic Embers,Growlithe,False,Normal/Growlithe.png,Wild Encounters — Normal,Wild,Wild Encounters,,,Growlithe
summer_marathon_arctic_embers,Summer Marathon: Arctic Embers,Growlithe,True,Shiny/Growlithe_shiny.png,Wild Encounters — Shiny,Wild,Wild Encounters,,,Growlithe
summer_marathon_arctic_embers,Summer Marathon: Arctic Embers,Growlithe,False,Normal/Growlithe.png,Wild Encounters — Normal,Wild,Wild Encounters,,,Growlithe
summer_marathon_arctic_embers,Summer Marathon: Arctic Embers,Swinub,False,Normal/Swinub.png,Wild Encounters — Normal,Wild,Wild Encounters,,,Swinub
summer_marathon_arctic_embers,Summer Marathon: Arctic Embers,Swinub,True,Shiny/Swinub_shiny.png,Wild Encounters — Shiny,Wild,Wild Encounters,,,Swinub
summer_marathon_arctic_embers,Summer Marathon: Arctic Embers,Swinub,False,Normal/Swinub.png,Wild Encounters — Normal,Wild,Wild Encounters,,,Swinub
summer_marathon_arctic_embers,Summer Marathon: Arctic Embers,Snorunt,False,Normal/Snorunt.png,Wild Encounters — Normal,Wild,Wild Encounters,,,Snorunt
summer_marathon_arctic_embers,Summer Marathon: Arctic Embers,Snorunt,True,Shiny/Snorunt_shiny.png,Wild Encounters — Shiny,Wild,Wild Encounters,,,Snorunt
summer_marathon_arctic_embers,Summer Marathon: Arctic Embers,Snorunt,False,Normal/Snorunt.png,Wild Encounters — Normal,Wild,Wild Encounters,,,Snorunt
summer_marathon_arctic_embers,Summer Marathon: Arctic Embers,Ponyta,False,Normal/Ponyta.png,Wild Encounters — Normal,Wild,Wild Encounters,,,Ponyta
summer_marathon_arctic_embers,Summer Marathon: Arctic Embers,Ponyta,True,Shiny/Ponyta_shiny.png,Wild Encounters — Shiny,Wild,Wild Encounters,,,Ponyta
summer_marathon_arctic_embers,Summer Marathon: Arctic Embers,Ponyta,False,Normal/Ponyta.png,Wild Encounters — Normal,Wild,Wild Encounters,,,Ponyta
summer_marathon_arctic_embers,Summer Marathon: Arctic Embers,Snover,False,Normal/Snover.png,Wild Encounters — Normal,Wild,Wild Encounters,,,Snover
summer_marathon_arctic_embers,Summer Marathon: Arctic Embers,Snover,True,Shiny/Snover_shiny.png,Wild Encounters — Shiny,Wild,Wild Encounters,,,Snover
summer_marathon_arctic_embers,Summer Marathon: Arctic Embers,Snover,False,Normal/Snover.png,Wild Encounters — Normal,Wild,Wild Encounters,,,Snover
summer_marathon_arctic_embers,Summer Marathon: Arctic Embers,Slugma,False,Normal/Slugma.png,Wild Encounters — Normal,Wild,Wild Encounters,,,Slugma
summer_marathon_arctic_embers,Summer Marathon: Arctic Embers,Slugma,True,Shiny/Slugma_shiny.png,Wild Encounters — Shiny,Wild,Wild Encounters,,,Slugma
summer_marathon_arctic_embers,Summer Marathon: Arctic Embers,Slugma,False,Normal/Slugma.png,Wild Encounters — Normal,Wild,Wild Encounters,,,Slugma
summer_marathon_arctic_embers,Summer Marathon: Arctic Embers,Vanillite,False,Normal/Vanillite.png,Wild Encounters — Normal,Wild,Wild Encounters,,,Vanillite
summer_marathon_arctic_embers,Summer Marathon: Arctic Embers,Vanillite,True,Shiny/Vanillite_shiny.png,Wild Encounters — Shiny,Wild,Wild Encounters,,,Vanillite
summer_marathon_arctic_embers,Summer Marathon: Arctic Embers,Vanillite,False,Normal/Vanillite.png,Wild Encounters — Normal,Wild,Wild Encounters,,,Vanillite
summer_marathon_arctic_embers,Summer Marathon: Arctic Embers,Sneasel,False,Normal/Sneasel.png,Eggs — Normal,Egg,Eggs,,,Sneasel
summer_marathon_arctic_embers,Summer Marathon: Arctic Embers,Sneasel,True,Shiny/Sneasel_shiny.png,Eggs — Shiny,Egg,Eggs,,,Sneasel
summer_marathon_arctic_embers,Summer Marathon: Arctic Embers,Sneasel,False,Normal/Sneasel.png,Eggs — Normal,Egg,Eggs,,,Sneasel
summer_marathon_arctic_embers,Summer Marathon: Arctic Embers,Darumaka,False,Normal/Darumaka.png,Eggs — Normal,Egg,Eggs,,,Darumaka
summer_marathon_arctic_embers,Summer Marathon: Arctic Embers,Darumaka,True,Shiny/Darumaka_shiny.png,Eggs — Shiny,Egg,Eggs,,,Darumaka
summer_marathon_arctic_embers,Summer Marathon: Arctic Embers,Darumaka,False,Normal/Darumaka.png,Eggs — Normal,Egg,Eggs,,,Darumaka
summer_marathon_arctic_embers,Summer Marathon: Arctic Embers,Darumaka,False,Galarian/Darumaka_galarian.png,Eggs — Galarian — Normal,Egg,Eggs,,,Galarian Darumaka
summer_marathon_arctic_embers,Summer Marathon: Arctic Embers,Darumaka,True,Galarian/Shiny/Darumaka_galarian_shiny.png,Eggs — Galarian — Shiny,Egg,Eggs,,,Galarian Darumaka
summer_marathon_arctic_embers,Summer Marathon: Arctic Embers,Darumaka,False,Galarian/Darumaka_galarian.png,Eggs — Galarian — Normal,Egg,Eggs,,,Galarian Darumaka
summer_marathon_arctic_embers,Summer Marathon: Arctic Embers,Sizzlipede,False,Normal/Sizzlipede.png,Eggs — Normal,Egg,Eggs,,,Sizzlipede
summer_marathon_arctic_embers,Summer Marathon: Arctic Embers,Sizzlipede,True,Shiny/Sizzlipede_shiny.png,Eggs — Shiny,Egg,Eggs,,,Sizzlipede
summer_marathon_arctic_embers,Summer Marathon: Arctic Embers,Sizzlipede,False,Normal/Sizzlipede.png,Eggs — Normal,Egg,Eggs,,,Sizzlipede
summer_marathon_arctic_embers,Summer Marathon: Arctic Embers,Vanillite,False,Normal/Vanillite.png,Field Research — Event Costume — Normal,Research,Field Research,,,"Complete Field Research tasks to earn encounters with event-themed Pokemon, including Ponyta, Slugma, Snover, Vanillite, and more!"
summer_marathon_arctic_embers,Summer Marathon: Arctic Embers,Ponyta,False,Costume/Ponyta_candela.png,Field Research — Event Costume — Normal,Research,Field Research,,,"Complete Field Research tasks to earn encounters with event-themed Pokemon, including Ponyta, Slugma, Snover, Vanillite, and more!"
summer_marathon_arctic_embers,Summer Marathon: Arctic Embers,Slugma,False,Normal/Slugma.png,Field Research — Event Costume — Normal,Research,Field Research,,,"Complete Field Research tasks to earn encounters with event-themed Pokemon, including Ponyta, Slugma, Snover, Vanillite, and more!"
summer_marathon_arctic_embers,Summer Marathon: Arctic Embers,Snover,False,Normal/Snover.png,Field Research — Event Costume — Normal,Research,Field Research,,,"Complete Field Research tasks to earn encounters with event-themed Pokemon, including Ponyta, Slugma, Snover, Vanillite, and more!"
summer_marathon_arctic_embers,Summer Marathon: Arctic Embers,Pikachu,False,Normal/Pikachu.png,Timed Research — Normal,Research,Timed Research,,,"There will be a free Timed Research opportunity available. Timed Research rewards include 16,800 XP and an encounter with Pikachu wearing a marathon visor."
summer_marathon_arctic_embers,Summer Marathon: Arctic Embers,Pikachu,False,Costume/Pikachu_marathon_visor.png,Timed Research — Marathon Visor — Normal,Research,Timed Research,,,REWARDS Marathon Visor Pikachu
summer_marathon_arctic_embers,Summer Marathon: Arctic Embers,Pikachu,False,Costume/Pikachu_marathon_visor.png,Timed Research — Marathon Visor — Normal,Research,Timed Research,,,Marathon Visor Pikachu
summer_marathon_arctic_embers,Summer Marathon: Arctic Embers,Ponyta,False,Normal/Ponyta.png,Timed Research — Normal,Research,Timed Research,,,Ponyta
summer_marathon_arctic_embers,Summer Marathon: Arctic Embers,Ponyta,True,Shiny/Ponyta_shiny.png,Timed Research — Shiny,Research,Timed Research,,,Ponyta
summer_marathon_arctic_embers,Summer Marathon: Arctic Embers,Slugma,False,Normal/Slugma.png,Timed Research — Normal,Research,Timed Research,,,Slugma
summer_marathon_arctic_embers,Summer Marathon: Arctic Embers,Slugma,True,Shiny/Slugma_shiny.png,Timed Research — Shiny,Research,Timed Research,,,Slugma
summer_marathon_arctic_embers,Summer Marathon: Arctic Embers,Snover,False,Normal/Snover.png,Timed Research — Normal,Research,Timed Research,,,Snover
summer_marathon_arctic_embers,Summer Marathon: Arctic Embers,Snover,True,Shiny/Snover_shiny.png,Timed Research — Shiny,Research,Timed Research,,,Snover
summer_marathon_arctic_embers,Summer Marathon: Arctic Embers,Vanillite,False,Normal/Vanillite.png,Timed Research — Normal,Research,Timed Research,,,Vanillite
summer_marathon_arctic_embers,Summer Marathon: Arctic Embers,Vanillite,True,Shiny/Vanillite_shiny.png,Timed Research — Shiny,Research,Timed Research,,,Vanillite
ultra_unlock_water_festival,Ultra Unlock: Water Festival,Ducklett,False,Normal/Ducklett.png,Lure Encounters — Normal,Lure,Lure Encounters,,,Rainy Lure Modules will attract Arrokuda Increased chance to encounter Shiny Ducklett and Shiny Dewpider
ultra_unlock_water_festival,Ultra Unlock: Water Festival,Ducklett,True,Shiny/Ducklett_shiny.png,Lure Encounters — Shiny,Lure,Lure Encounters,,,Rainy Lure Modules will attract Arrokuda Increased chance to encounter Shiny Ducklett and Shiny Dewpider
ultra_unlock_water_festival,Ultra Unlock: Water Festival,Dewpider,False,Normal/Dewpider.png,Lure Encounters — Normal,Lure,Lure Encounters,,,Rainy Lure Modules will attract Arrokuda Increased chance to encounter Shiny Ducklett and Shiny Dewpider
ultra_unlock_water_festival,Ultra Unlock: Water Festival,Dewpider,True,Shiny/Dewpider_shiny.png,Lure Encounters — Shiny,Lure,Lure Encounters,,,Rainy Lure Modules will attract Arrokuda Increased chance to encounter Shiny Ducklett and Shiny Dewpider
ultra_unlock_water_festival,Ultra Unlock: Water Festival,Psyduck,False,Normal/Psyduck.png,Lure Encounters — Normal,Lure,Lure Encounters,,,Psyduck in a swim ring makes its return!
ultra_unlock_water_festival,Ultra Unlock: Water Festival,Psyduck,False,Normal/Psyduck.png,Lure Encounters — Normal,Lure,Lure Encounters,,,Psyduck (Swim Ring)
ultra_unlock_water_festival,Ultra Unlock: Water Festival,Psyduck,True,Shiny/Psyduck_shiny.png,Lure Encounters — Shiny,Lure,Lure Encounters,,,Psyduck (Swim Ring)
ultra_unlock_water_festival,Ultra Unlock: Water Festival,Psyduck,False,Normal/Psyduck.png,Field Research — Normal,Research,Field Research,,,Psyduck
ultra_unlock_water_festival,Ultra Unlock: Water Festival,Psyduck,True,Shiny/Psyduck_shiny.png,Field Research — Shiny,Research,Field Research,,,Psyduck
ultra_unlock_water_festival,Ultra Unlock: Water Festival,Psyduck,False,Normal/Psyduck.png,Field Research — Normal,Research,Field Research,,,Psyduck
ultra_unlock_water_festival,Ultra Unlock: Water Festival,Goldeen,False,Normal/Goldeen.png,Field Research — Normal,Research,Field Research,,,Goldeen
ultra_unlock_water_festival,Ultra Unlock: Water Festival,Goldeen,True,Shiny/Goldeen_shiny.png,Field Research — Shiny,Research,Field Research,,,Goldeen
ultra_unlock_water_festival,Ultra Unlock: Water Festival,Goldeen,False,Normal/Goldeen.png,Field Research — Normal,Research,Field Research,,,Goldeen
ultra_unlock_water_festival,Ultra Unlock: Water Festival,Mareanie,False,Normal/Mareanie.png,Field Research — Normal,Research,Field Research,,,Mareanie
ultra_unlock_water_festival,Ultra Unlock: Water Festival,Mareanie,True,Shiny/Mareanie_shiny.png,Field Research — Shiny,Research,Field Research,,,Mareanie
ultra_unlock_water_festival,Ultra Unlock: Water Festival,Mareanie,False,Normal/Mareanie.png,Field Research — Normal,Research,Field Research,,,Mareanie
ultra_unlock_water_festival,Ultra Unlock: Water Festival,Wimpod,False,Normal/Wimpod.png,Field Research — Normal,Research,Field Research,,,Wimpod
ultra_unlock_water_festival,Ultra Unlock: Water Festival,Wimpod,True,Shiny/Wimpod_shiny.png,Field Research — Shiny,Research,Field Research,,,Wimpod
ultra_unlock_water_festival,Ultra Unlock: Water Festival,Wimpod,False,Normal/Wimpod.png,Field Research — Normal,Research,Field Research,,,Wimpod
ultra_unlock_water_festival,Ultra Unlock: Water Festival,Feebas,False,Normal/Feebas.png,Field Research — Normal,Research,Field Research,,,Feebas
ultra_unlock_water_festival,Ultra Unlock: Water Festival,Feebas,True,Shiny/Feebas_shiny.png,Field Research — Shiny,Research,Field Research,,,Feebas
ultra_unlock_water_festival,Ultra Unlock: Water Festival,Feebas,False,Normal/Feebas.png,Field Research — Normal,Research,Field Research,,,Feebas
ultra_unlock_water_festival,Ultra Unlock: Water Festival,Clamperl,False,Normal/Clamperl.png,Field Research — Normal,Research,Field Research,,,Clamperl
ultra_unlock_water_festival,Ultra Unlock: Water Festival,Clamperl,True,Shiny/Clamperl_shiny.png,Field Research — Shiny,Research,Field Research,,,Clamperl
ultra_unlock_water_festival,Ultra Unlock: Water Festival,Clamperl,False,Normal/Clamperl.png,Field Research — Normal,Research,Field Research,,,Clamperl
ultra_unlock_water_festival,Ultra Unlock: Water Festival,Wiglett,False,Normal/Wiglett.png,Field Research — Normal,Research,Field Research,,,"Additionally, Wiglett will appear more frequently in their natural biome."
ultra_unlock_water_festival,Ultra Unlock: Water Festival,Wiglett,False,Normal/Wiglett.png,Field Research — Normal,Research,Field Research,,,Wiglett
ultra_unlock_water_festival,Ultra Unlock: Water Festival,Wiglett,True,Shiny/Wiglett_shiny.png,Field Research — Shiny,Research,Field Research,,,Wiglett
ultra_unlock_water_festival,Ultra Unlock: Water Festival,Tatsugiri,False,Normal/Tatsugiri.png,Raids — Normal,Raid,Raids,,,Tatsugiri will be available in their respective regions.
ultra_unlock_water_festival,Ultra Unlock: Water Festival,Lapras,False,Costume/Lapras_scarf.png,Raids — Scarf — Normal,Raid,Raids,,,Scarf Lapras
ultra_unlock_water_festival,Ultra Unlock: Water Festival,Lapras,True,Shiny/Lapras_shiny.png,Raids — Scarf — Shiny,Raid,Raids,,,Scarf Lapras
ultra_unlock_water_festival,Ultra Unlock: Water Festival,Lapras,False,Costume/Lapras_scarf.png,Raids — Scarf — Normal,Raid,Raids,,,Scarf Lapras
ultra_unlock_water_festival,Ultra Unlock: Water Festival,Samurott,False,Hisuian/Samurott_hisuian.png,Raids — Hisuian — Normal,Raid,Raids,,,Hisuian Samurott
ultra_unlock_water_festival,Ultra Unlock: Water Festival,Samurott,True,Hisuian/Shiny/Samurott_hisuian_shiny.png,Raids — Hisuian — Shiny,Raid,Raids,,,Hisuian Samurott
ultra_unlock_water_festival,Ultra Unlock: Water Festival,Samurott,False,Hisuian/Samurott_hisuian.png,Raids — Hisuian — Normal,Raid,Raids,,,Hisuian Samurott
ultra_unlock_water_festival,Ultra Unlock: Water Festival,Dondozo,False,Normal/Dondozo.png,Raids — Normal,Raid,Raids,,,Dondozo
ultra_unlock_water_festival,Ultra Unlock: Water Festival,Dondozo,True,Shiny/Dondozo_shiny.png,Raids — Shiny,Raid,Raids,,,Dondozo
ultra_unlock_water_festival,Ultra Unlock: Water Festival,Dondozo,False,Normal/Dondozo.png,Raids — Normal,Raid,Raids,,,Dondozo
ultra_unlock_water_festival,Ultra Unlock: Water Festival,Ducklett,False,Normal/Ducklett.png,Eggs — Normal,Egg,Eggs,,,Shiny Ducklett and Shiny Dewpider will have an increased chance to be encountered during this event.
ultra_unlock_water_festival,Ultra Unlock: Water Festival,Ducklett,True,Shiny/Ducklett_shiny.png,Eggs — Shiny,Egg,Eggs,,,Shiny Ducklett and Shiny Dewpider will have an increased chance to be encountered during this event.
ultra_unlock_water_festival,Ultra Unlock: Water Festival,Dewpider,False,Normal/Dewpider.png,Eggs — Normal,Egg,Eggs,,,Shiny Ducklett and Shiny Dewpider will have an increased chance to be encountered during this event.
ultra_unlock_water_festival,Ultra Unlock: Water Festival,Dewpider,True,Shiny/Dewpider_shiny.png,Eggs — Shiny,Egg,Eggs,,,Shiny Ducklett and Shiny Dewpider will have an increased chance to be encountered during this event.
ultra_unlock_water_festival,Ultra Unlock: Water Festival,Ducklett,False,Normal/Ducklett.png,Eggs — Normal,Egg,Eggs,,,Ducklett
ultra_unlock_water_festival,Ultra Unlock: Water Festival,Swanna,False,Normal/Swanna.png,Eggs — Normal,Egg,Eggs,,,Swanna
ultra_unlock_water_festival,Ultra Unlock: Water Festival,Swanna,True,Shiny/Swanna_shiny.png,Eggs — Shiny,Egg,Eggs,,,Swanna
ultra_unlock_water_festival,Ultra Unlock: Water Festival,Swanna,False,Normal/Swanna.png,Eggs — Normal,Egg,Eggs,,,Swanna
ultra_unlock_water_festival,Ultra Unlock: Water Festival,Dewpider,False,Normal/Dewpider.png,Eggs — Normal,Egg,Eggs,,,Dewpider
ultra_unlock_water_festival,Ultra Unlock: Water Festival,Araquanid,False,Normal/Araquanid.png,Eggs — Normal,Egg,Eggs,,,Araquanid
ultra_unlock_10th_anniversary_edition,Ultra Unlock: 10th Anniversary Edition,Pikachu,False,Normal/Pikachu.png,Raids — Normal,Raid,Raids,,,"Professor Willow's assistant Pikachu will also appear in 1-Star Raids through July 27, 2026 at 8 pm local time."
ultra_unlock_10th_anniversary_edition,Ultra Unlock: 10th Anniversary Edition,Bulbasaur,False,Normal/Bulbasaur.png,Raids — Normal,Raid,Raids,,,Bulbasaur
ultra_unlock_10th_anniversary_edition,Ultra Unlock: 10th Anniversary Edition,Bulbasaur,True,Shiny/Bulbasaur_shiny.png,Raids — Shiny,Raid,Raids,,,Bulbasaur
ultra_unlock_10th_anniversary_edition,Ultra Unlock: 10th Anniversary Edition,Bulbasaur,False,Normal/Bulbasaur.png,Raids — Normal,Raid,Raids,,,Bulbasaur
ultra_unlock_10th_anniversary_edition,Ultra Unlock: 10th Anniversary Edition,Charmander,False,Normal/Charmander.png,Raids — Normal,Raid,Raids,,,Charmander
ultra_unlock_10th_anniversary_edition,Ultra Unlock: 10th Anniversary Edition,Charmander,True,Shiny/Charmander_shiny.png,Raids — Shiny,Raid,Raids,,,Charmander
ultra_unlock_10th_anniversary_edition,Ultra Unlock: 10th Anniversary Edition,Charmander,False,Normal/Charmander.png,Raids — Normal,Raid,Raids,,,Charmander
ultra_unlock_10th_anniversary_edition,Ultra Unlock: 10th Anniversary Edition,Squirtle,False,Normal/Squirtle.png,Raids — Normal,Raid,Raids,,,Squirtle
ultra_unlock_10th_anniversary_edition,Ultra Unlock: 10th Anniversary Edition,Squirtle,True,Shiny/Squirtle_shiny.png,Raids — Shiny,Raid,Raids,,,Squirtle
ultra_unlock_10th_anniversary_edition,Ultra Unlock: 10th Anniversary Edition,Squirtle,False,Normal/Squirtle.png,Raids — Normal,Raid,Raids,,,Squirtle
ultra_unlock_10th_anniversary_edition,Ultra Unlock: 10th Anniversary Edition,Chikorita,False,Normal/Chikorita.png,Raids — Normal,Raid,Raids,,,Chikorita
ultra_unlock_10th_anniversary_edition,Ultra Unlock: 10th Anniversary Edition,Chikorita,True,Shiny/Chikorita_shiny.png,Raids — Shiny,Raid,Raids,,,Chikorita
ultra_unlock_10th_anniversary_edition,Ultra Unlock: 10th Anniversary Edition,Chikorita,False,Normal/Chikorita.png,Raids — Normal,Raid,Raids,,,Chikorita
ultra_unlock_10th_anniversary_edition,Ultra Unlock: 10th Anniversary Edition,Cyndaquil,False,Normal/Cyndaquil.png,Raids — Normal,Raid,Raids,,,Cyndaquil
ultra_unlock_10th_anniversary_edition,Ultra Unlock: 10th Anniversary Edition,Cyndaquil,True,Shiny/Cyndaquil_shiny.png,Raids — Shiny,Raid,Raids,,,Cyndaquil
ultra_unlock_10th_anniversary_edition,Ultra Unlock: 10th Anniversary Edition,Cyndaquil,False,Normal/Cyndaquil.png,Raids — Normal,Raid,Raids,,,Cyndaquil
ultra_unlock_10th_anniversary_edition,Ultra Unlock: 10th Anniversary Edition,Totodile,False,Normal/Totodile.png,Raids — Normal,Raid,Raids,,,Totodile
ultra_unlock_10th_anniversary_edition,Ultra Unlock: 10th Anniversary Edition,Totodile,True,Shiny/Totodile_shiny.png,Raids — Shiny,Raid,Raids,,,Totodile
ultra_unlock_10th_anniversary_edition,Ultra Unlock: 10th Anniversary Edition,Totodile,False,Normal/Totodile.png,Raids — Normal,Raid,Raids,,,Totodile
ultra_unlock_10th_anniversary_edition,Ultra Unlock: 10th Anniversary Edition,Treecko,False,Normal/Treecko.png,Raids — Normal,Raid,Raids,,,Treecko
ultra_unlock_10th_anniversary_edition,Ultra Unlock: 10th Anniversary Edition,Treecko,True,Shiny/Treecko_shiny.png,Raids — Shiny,Raid,Raids,,,Treecko
ultra_unlock_10th_anniversary_edition,Ultra Unlock: 10th Anniversary Edition,Treecko,False,Normal/Treecko.png,Raids — Normal,Raid,Raids,,,Treecko
ultra_unlock_10th_anniversary_edition,Ultra Unlock: 10th Anniversary Edition,Torchic,False,Normal/Torchic.png,Raids — Normal,Raid,Raids,,,Torchic
ultra_unlock_10th_anniversary_edition,Ultra Unlock: 10th Anniversary Edition,Torchic,True,Shiny/Torchic_shiny.png,Raids — Shiny,Raid,Raids,,,Torchic
ultra_unlock_10th_anniversary_edition,Ultra Unlock: 10th Anniversary Edition,Torchic,False,Normal/Torchic.png,Raids — Normal,Raid,Raids,,,Torchic
ultra_unlock_10th_anniversary_edition,Ultra Unlock: 10th Anniversary Edition,Mudkip,False,Normal/Mudkip.png,Raids — Normal,Raid,Raids,,,Mudkip
ultra_unlock_10th_anniversary_edition,Ultra Unlock: 10th Anniversary Edition,Mudkip,True,Shiny/Mudkip_shiny.png,Raids — Shiny,Raid,Raids,,,Mudkip
ultra_unlock_10th_anniversary_edition,Ultra Unlock: 10th Anniversary Edition,Mudkip,False,Normal/Mudkip.png,Raids — Normal,Raid,Raids,,,Mudkip
ultra_unlock_10th_anniversary_edition,Ultra Unlock: 10th Anniversary Edition,Turtwig,False,Normal/Turtwig.png,Raids — Normal,Raid,Raids,,,Turtwig
ultra_unlock_10th_anniversary_edition,Ultra Unlock: 10th Anniversary Edition,Turtwig,True,Shiny/Turtwig_shiny.png,Raids — Shiny,Raid,Raids,,,Turtwig
ultra_unlock_10th_anniversary_edition,Ultra Unlock: 10th Anniversary Edition,Turtwig,False,Normal/Turtwig.png,Raids — Normal,Raid,Raids,,,Turtwig
ultra_unlock_10th_anniversary_edition,Ultra Unlock: 10th Anniversary Edition,Chimchar,False,Normal/Chimchar.png,Raids — Normal,Raid,Raids,,,Chimchar
ultra_unlock_10th_anniversary_edition,Ultra Unlock: 10th Anniversary Edition,Chimchar,True,Shiny/Chimchar_shiny.png,Raids — Shiny,Raid,Raids,,,Chimchar
ultra_unlock_10th_anniversary_edition,Ultra Unlock: 10th Anniversary Edition,Chimchar,False,Normal/Chimchar.png,Raids — Normal,Raid,Raids,,,Chimchar
ultra_unlock_10th_anniversary_edition,Ultra Unlock: 10th Anniversary Edition,Piplup,False,Normal/Piplup.png,Raids — Normal,Raid,Raids,,,Piplup
ultra_unlock_10th_anniversary_edition,Ultra Unlock: 10th Anniversary Edition,Piplup,True,Shiny/Piplup_shiny.png,Raids — Shiny,Raid,Raids,,,Piplup
ultra_unlock_10th_anniversary_edition,Ultra Unlock: 10th Anniversary Edition,Piplup,False,Normal/Piplup.png,Raids — Normal,Raid,Raids,,,Piplup
ultra_unlock_10th_anniversary_edition,Ultra Unlock: 10th Anniversary Edition,Snivy,False,Normal/Snivy.png,Raids — Normal,Raid,Raids,,,Snivy
ultra_unlock_10th_anniversary_edition,Ultra Unlock: 10th Anniversary Edition,Snivy,True,Shiny/Snivy_shiny.png,Raids — Shiny,Raid,Raids,,,Snivy
ultra_unlock_10th_anniversary_edition,Ultra Unlock: 10th Anniversary Edition,Snivy,False,Normal/Snivy.png,Raids — Normal,Raid,Raids,,,Snivy
ultra_unlock_10th_anniversary_edition,Ultra Unlock: 10th Anniversary Edition,Tepig,False,Normal/Tepig.png,Raids — Normal,Raid,Raids,,,Tepig
ultra_unlock_10th_anniversary_edition,Ultra Unlock: 10th Anniversary Edition,Tepig,True,Shiny/Tepig_shiny.png,Raids — Shiny,Raid,Raids,,,Tepig
ultra_unlock_10th_anniversary_edition,Ultra Unlock: 10th Anniversary Edition,Tepig,False,Normal/Tepig.png,Raids — Normal,Raid,Raids,,,Tepig
ultra_unlock_10th_anniversary_edition,Ultra Unlock: 10th Anniversary Edition,Oshawott,False,Normal/Oshawott.png,Raids — Normal,Raid,Raids,,,Oshawott
ultra_unlock_10th_anniversary_edition,Ultra Unlock: 10th Anniversary Edition,Oshawott,True,Shiny/Oshawott_shiny.png,Raids — Shiny,Raid,Raids,,,Oshawott
ultra_unlock_10th_anniversary_edition,Ultra Unlock: 10th Anniversary Edition,Oshawott,False,Normal/Oshawott.png,Raids — Normal,Raid,Raids,,,Oshawott
ultra_unlock_10th_anniversary_edition,Ultra Unlock: 10th Anniversary Edition,Chespin,False,Normal/Chespin.png,Raids — Normal,Raid,Raids,,,Chespin
ultra_unlock_10th_anniversary_edition,Ultra Unlock: 10th Anniversary Edition,Chespin,True,Shiny/Chespin_shiny.png,Raids — Shiny,Raid,Raids,,,Chespin
ultra_unlock_10th_anniversary_edition,Ultra Unlock: 10th Anniversary Edition,Chespin,False,Normal/Chespin.png,Raids — Normal,Raid,Raids,,,Chespin
ultra_unlock_10th_anniversary_edition,Ultra Unlock: 10th Anniversary Edition,Fennekin,False,Normal/Fennekin.png,Raids — Normal,Raid,Raids,,,Fennekin
ultra_unlock_10th_anniversary_edition,Ultra Unlock: 10th Anniversary Edition,Fennekin,True,Shiny/Fennekin_shiny.png,Raids — Shiny,Raid,Raids,,,Fennekin
ultra_unlock_10th_anniversary_edition,Ultra Unlock: 10th Anniversary Edition,Fennekin,False,Normal/Fennekin.png,Raids — Normal,Raid,Raids,,,Fennekin
ultra_unlock_10th_anniversary_edition,Ultra Unlock: 10th Anniversary Edition,Froakie,False,Normal/Froakie.png,Raids — Normal,Raid,Raids,,,Froakie
ultra_unlock_10th_anniversary_edition,Ultra Unlock: 10th Anniversary Edition,Froakie,True,Shiny/Froakie_shiny.png,Raids — Shiny,Raid,Raids,,,Froakie
ultra_unlock_10th_anniversary_edition,Ultra Unlock: 10th Anniversary Edition,Froakie,False,Normal/Froakie.png,Raids — Normal,Raid,Raids,,,Froakie
ultra_unlock_10th_anniversary_edition,Ultra Unlock: 10th Anniversary Edition,Rowlet,False,Normal/Rowlet.png,Raids — Normal,Raid,Raids,,,Rowlet
ultra_unlock_10th_anniversary_edition,Ultra Unlock: 10th Anniversary Edition,Rowlet,True,Shiny/Rowlet_shiny.png,Raids — Shiny,Raid,Raids,,,Rowlet
ultra_unlock_10th_anniversary_edition,Ultra Unlock: 10th Anniversary Edition,Rowlet,False,Normal/Rowlet.png,Raids — Normal,Raid,Raids,,,Rowlet
ultra_unlock_10th_anniversary_edition,Ultra Unlock: 10th Anniversary Edition,Litten,False,Normal/Litten.png,Raids — Normal,Raid,Raids,,,Litten
ultra_unlock_10th_anniversary_edition,Ultra Unlock: 10th Anniversary Edition,Litten,True,Shiny/Litten_shiny.png,Raids — Shiny,Raid,Raids,,,Litten
ultra_unlock_10th_anniversary_edition,Ultra Unlock: 10th Anniversary Edition,Litten,False,Normal/Litten.png,Raids — Normal,Raid,Raids,,,Litten
ultra_unlock_10th_anniversary_edition,Ultra Unlock: 10th Anniversary Edition,Popplio,False,Normal/Popplio.png,Raids — Normal,Raid,Raids,,,Popplio
ultra_unlock_10th_anniversary_edition,Ultra Unlock: 10th Anniversary Edition,Popplio,True,Shiny/Popplio_shiny.png,Raids — Shiny,Raid,Raids,,,Popplio
ultra_unlock_10th_anniversary_edition,Ultra Unlock: 10th Anniversary Edition,Popplio,False,Normal/Popplio.png,Raids — Normal,Raid,Raids,,,Popplio
ultra_unlock_10th_anniversary_edition,Ultra Unlock: 10th Anniversary Edition,Grookey,False,Normal/Grookey.png,Raids — Normal,Raid,Raids,,,Grookey
ultra_unlock_10th_anniversary_edition,Ultra Unlock: 10th Anniversary Edition,Scorbunny,False,Normal/Scorbunny.png,Raids — Normal,Raid,Raids,,,Scorbunny
ultra_unlock_10th_anniversary_edition,Ultra Unlock: 10th Anniversary Edition,Scorbunny,True,Shiny/Scorbunny_shiny.png,Raids — Shiny,Raid,Raids,,,Scorbunny
ultra_unlock_10th_anniversary_edition,Ultra Unlock: 10th Anniversary Edition,Scorbunny,False,Normal/Scorbunny.png,Raids — Normal,Raid,Raids,,,Scorbunny
ultra_unlock_10th_anniversary_edition,Ultra Unlock: 10th Anniversary Edition,Sobble,False,Normal/Sobble.png,Raids — Normal,Raid,Raids,,,Sobble
ultra_unlock_10th_anniversary_edition,Ultra Unlock: 10th Anniversary Edition,Sobble,True,Shiny/Sobble_shiny.png,Raids — Shiny,Raid,Raids,,,Sobble
ultra_unlock_10th_anniversary_edition,Ultra Unlock: 10th Anniversary Edition,Sobble,False,Normal/Sobble.png,Raids — Normal,Raid,Raids,,,Sobble
ultra_unlock_10th_anniversary_edition,Ultra Unlock: 10th Anniversary Edition,Sprigatito,False,Normal/Sprigatito.png,Raids — Normal,Raid,Raids,,,Sprigatito
ultra_unlock_10th_anniversary_edition,Ultra Unlock: 10th Anniversary Edition,Sprigatito,True,Shiny/Sprigatito_shiny.png,Raids — Shiny,Raid,Raids,,,Sprigatito
ultra_unlock_10th_anniversary_edition,Ultra Unlock: 10th Anniversary Edition,Sprigatito,False,Normal/Sprigatito.png,Raids — Normal,Raid,Raids,,,Sprigatito
ultra_unlock_10th_anniversary_edition,Ultra Unlock: 10th Anniversary Edition,Fuecoco,False,Normal/Fuecoco.png,Raids — Normal,Raid,Raids,,,Fuecoco
ultra_unlock_10th_anniversary_edition,Ultra Unlock: 10th Anniversary Edition,Fuecoco,True,Shiny/Fuecoco_shiny.png,Raids — Shiny,Raid,Raids,,,Fuecoco
ultra_unlock_10th_anniversary_edition,Ultra Unlock: 10th Anniversary Edition,Fuecoco,False,Normal/Fuecoco.png,Raids — Normal,Raid,Raids,,,Fuecoco
ultra_unlock_10th_anniversary_edition,Ultra Unlock: 10th Anniversary Edition,Quaxly,False,Normal/Quaxly.png,Raids — Normal,Raid,Raids,,,Quaxly
ultra_unlock_10th_anniversary_edition,Ultra Unlock: 10th Anniversary Edition,Quaxly,True,Shiny/Quaxly_shiny.png,Raids — Shiny,Raid,Raids,,,Quaxly
ultra_unlock_10th_anniversary_edition,Ultra Unlock: 10th Anniversary Edition,Quaxly,False,Normal/Quaxly.png,Raids — Normal,Raid,Raids,,,Quaxly
ultra_unlock_10th_anniversary_edition,Ultra Unlock: 10th Anniversary Edition,Beldum,False,Normal/Beldum.png,Lure Encounters — Normal,Lure,Lure Encounters,,,Beldum
ultra_unlock_10th_anniversary_edition,Ultra Unlock: 10th Anniversary Edition,Beldum,True,Shiny/Beldum_shiny.png,Lure Encounters — Shiny,Lure,Lure Encounters,,,Beldum
ultra_unlock_10th_anniversary_edition,Ultra Unlock: 10th Anniversary Edition,Beldum,False,Normal/Beldum.png,Lure Encounters — Normal,Lure,Lure Encounters,,,Beldum
ultra_unlock_10th_anniversary_edition,Ultra Unlock: 10th Anniversary Edition,Gible,False,Normal/Gible.png,Lure Encounters — Normal,Lure,Lure Encounters,,,Gible
ultra_unlock_10th_anniversary_edition,Ultra Unlock: 10th Anniversary Edition,Gible,True,Shiny/Gible_shiny.png,Lure Encounters — Shiny,Lure,Lure Encounters,,,Gible
ultra_unlock_10th_anniversary_edition,Ultra Unlock: 10th Anniversary Edition,Gible,False,Normal/Gible.png,Lure Encounters — Normal,Lure,Lure Encounters,,,Gible
ultra_unlock_10th_anniversary_edition,Ultra Unlock: 10th Anniversary Edition,Dreepy,False,Normal/Dreepy.png,Lure Encounters — Normal,Lure,Lure Encounters,,,Dreepy
ultra_unlock_10th_anniversary_edition,Ultra Unlock: 10th Anniversary Edition,Grimer,False,Costume/Grimer_party_hat.png,Raids — Party Hat — Normal,Raid,Raids,,,Party Hat Grimer
ultra_unlock_10th_anniversary_edition,Ultra Unlock: 10th Anniversary Edition,Grimer,True,Shiny/Grimer_shiny.png,Raids — Party Hat — Shiny,Raid,Raids,,,Party Hat Grimer
ultra_unlock_10th_anniversary_edition,Ultra Unlock: 10th Anniversary Edition,Grimer,False,Costume/Grimer_party_hat.png,Raids — Party Hat — Normal,Raid,Raids,,,Party Hat Grimer
ultra_unlock_10th_anniversary_edition,Ultra Unlock: 10th Anniversary Edition,Raticate,False,Costume/Raticate_party.png,Raids — Party Hat — Normal,Raid,Raids,,,Party Hat Raticate
ultra_unlock_10th_anniversary_edition,Ultra Unlock: 10th Anniversary Edition,Raticate,True,Shiny/Raticate_shiny.png,Raids — Party Hat — Shiny,Raid,Raids,,,Party Hat Raticate
ultra_unlock_10th_anniversary_edition,Ultra Unlock: 10th Anniversary Edition,Raticate,False,Costume/Raticate_party.png,Raids — Party Hat — Normal,Raid,Raids,,,Party Hat Raticate
ultra_unlock_10th_anniversary_edition,Ultra Unlock: 10th Anniversary Edition,Nidorino,False,Costume/Nidorino_party_hat.png,Raids — Party Hat — Normal,Raid,Raids,,,Party Hat Nidorino
ultra_unlock_10th_anniversary_edition,Ultra Unlock: 10th Anniversary Edition,Nidorino,True,Shiny/Nidorino_shiny.png,Raids — Party Hat — Shiny,Raid,Raids,,,Party Hat Nidorino
ultra_unlock_10th_anniversary_edition,Ultra Unlock: 10th Anniversary Edition,Nidorino,False,Costume/Nidorino_party_hat.png,Raids — Party Hat — Normal,Raid,Raids,,,Party Hat Nidorino
ultra_unlock_10th_anniversary_edition,Ultra Unlock: 10th Anniversary Edition,Gengar,False,Costume/Gengar_party_hat.png,Raids — Party Hat — Normal,Raid,Raids,,,Party Hat Gengar
ultra_unlock_10th_anniversary_edition,Ultra Unlock: 10th Anniversary Edition,Gengar,True,Shiny/Gengar_shiny.png,Raids — Party Hat — Shiny,Raid,Raids,,,Party Hat Gengar
ultra_unlock_10th_anniversary_edition,Ultra Unlock: 10th Anniversary Edition,Gengar,False,Costume/Gengar_party_hat.png,Raids — Party Hat — Normal,Raid,Raids,,,Party Hat Gengar
ultra_unlock_10th_anniversary_edition,Ultra Unlock: 10th Anniversary Edition,Wobbuffet,False,Costume/Wobbuffet_party.png,Raids — Party Hat — Normal,Raid,Raids,,,Party Hat Wobbuffet
ultra_unlock_10th_anniversary_edition,Ultra Unlock: 10th Anniversary Edition,Wobbuffet,True,Shiny/Wobbuffet_shiny.png,Raids — Party Hat — Shiny,Raid,Raids,,,Party Hat Wobbuffet
ultra_unlock_10th_anniversary_edition,Ultra Unlock: 10th Anniversary Edition,Wobbuffet,False,Costume/Wobbuffet_party.png,Raids — Party Hat — Normal,Raid,Raids,,,Party Hat Wobbuffet
ultra_unlock_10th_anniversary_edition,Ultra Unlock: 10th Anniversary Edition,Pikachu,False,Normal/Pikachu.png,Field Research — Normal,Research,Field Research,,,Professor Willow's assistant Pikachu and first partner Pokemon can have a team-specific Special Background.
ultra_unlock_10th_anniversary_edition,Ultra Unlock: 10th Anniversary Edition,Pikachu,False,Normal/Pikachu.png,Timed Research — Normal,Research,Timed Research,,,Encounters with Professor Willow's assistant Pikachu
ultra_unlock_10th_anniversary_edition,Ultra Unlock: 10th Anniversary Edition,Shaymin,False,Normal/Shaymin.png,Lure Encounters — Normal,Research,Lure Encounters,,,"For US$4.99 (or the equivalent pricing tier in your local currency), you'll be able to pick up a Masterwork Research story, Glimmers of Gratitude, which leads to an encounter with Shiny Shaymin!*"
ultra_unlock_10th_anniversary_edition,Ultra Unlock: 10th Anniversary Edition,Shaymin,True,Shiny/Shaymin_shiny.png,Lure Encounters — Shiny,Research,Lure Encounters,,,"For US$4.99 (or the equivalent pricing tier in your local currency), you'll be able to pick up a Masterwork Research story, Glimmers of Gratitude, which leads to an encounter with Shiny Shaymin!*"
ultra_unlock_10th_anniversary_edition,Ultra Unlock: 10th Anniversary Edition,Gimmighoul,False,Costume/Gimmighoul_roaming_9th_anniversary_coin.png,Bonuses — Saturday — Party Hat — Normal,Bonus,Bonuses,Saturday,,"GO Pass: 10th Anniversary Encounter Party Hat first partners, Gimmighoul, and earn a 10th Anniversary Tee! Points / rank 100 Detailed Compact"
ultra_unlock_10th_anniversary_edition,Ultra Unlock: 10th Anniversary Edition,Gimmighoul,False,Costume/Gimmighoul_roaming_9th_anniversary_coin.png,Bonuses — Saturday — Party Hat — Normal,Bonus,Bonuses,Saturday,,"Encounter Party Hat first partners, Gimmighoul, and earn a 10th Anniversary Tee!"
ultra_unlock_10th_anniversary_edition,Ultra Unlock: 10th Anniversary Edition,Bulbasaur,False,Costume/Bulbasaur_party_hat.png,Bonuses — Saturday — Party Hat — Normal,Bonus,Bonuses,Saturday,,Party Hat Bulbasaur Party Hat Bulbasaur
ultra_unlock_10th_anniversary_edition,Ultra Unlock: 10th Anniversary Edition,Bulbasaur,False,Costume/Bulbasaur_party_hat.png,Bonuses — Saturday — Party Hat — Normal,Bonus,Bonuses,Saturday,,Party Hat Bulbasaur
ultra_unlock_10th_anniversary_edition,Ultra Unlock: 10th Anniversary Edition,Charmander,False,Costume/Charmander_party_hat.png,Bonuses — Saturday — Party Hat — Normal,Bonus,Bonuses,Saturday,,Party Hat Charmander Party Hat Charmander
ultra_unlock_10th_anniversary_edition,Ultra Unlock: 10th Anniversary Edition,Charmander,False,Costume/Charmander_party_hat.png,Bonuses — Saturday — Party Hat — Normal,Bonus,Bonuses,Saturday,,Party Hat Charmander
ultra_unlock_10th_anniversary_edition,Ultra Unlock: 10th Anniversary Edition,Squirtle,False,Costume/Squirtle_party_hat.png,Bonuses — Saturday — Party Hat — Normal,Bonus,Bonuses,Saturday,,Party Hat Squirtle Party Hat Squirtle
ultra_unlock_10th_anniversary_edition,Ultra Unlock: 10th Anniversary Edition,Squirtle,False,Costume/Squirtle_party_hat.png,Bonuses — Saturday — Party Hat — Normal,Bonus,Bonuses,Saturday,,Party Hat Squirtle
ultra_unlock_10th_anniversary_edition,Ultra Unlock: 10th Anniversary Edition,Pikachu,False,Normal/Pikachu.png,Lure Encounters — Saturday — Normal,Lure,Lure Encounters,Saturday,,Professor Willow's assistant Pikachu Professor Willow's assistant Pikachu
ultra_unlock_10th_anniversary_edition,Ultra Unlock: 10th Anniversary Edition,Gimmighoul,False,Normal/Gimmighoul_roaming.png,Lure Encounters — Saturday — Normal,Lure,Lure Encounters,Saturday,,Gimmighoul (10th Anniversary Coin) Gimmighoul (10th Anniversary Coin)
ultra_unlock_10th_anniversary_edition,Ultra Unlock: 10th Anniversary Edition,Venusaur,False,Normal/Venusaur.png,Lure Encounters — Saturday — Normal,Lure,Lure Encounters,Saturday,,Venusaur
ultra_unlock_10th_anniversary_edition,Ultra Unlock: 10th Anniversary Edition,Meganium,False,Normal/Meganium.png,Lure Encounters — Saturday — Mega — Normal,Lure,Lure Encounters,Saturday,,Meganium
ultra_unlock_10th_anniversary_edition,Ultra Unlock: 10th Anniversary Edition,Sceptile,False,Normal/Sceptile.png,Lure Encounters — Saturday — Normal,Lure,Lure Encounters,Saturday,,Sceptile
ultra_unlock_10th_anniversary_edition,Ultra Unlock: 10th Anniversary Edition,Torterra,False,Normal/Torterra.png,Lure Encounters — Saturday — Normal,Lure,Lure Encounters,Saturday,,Torterra
ultra_unlock_10th_anniversary_edition,Ultra Unlock: 10th Anniversary Edition,Serperior,False,Normal/Serperior.png,Lure Encounters — Saturday — Normal,Lure,Lure Encounters,Saturday,,Serperior
ultra_unlock_10th_anniversary_edition,Ultra Unlock: 10th Anniversary Edition,Chesnaught,False,Normal/Chesnaught.png,Lure Encounters — Saturday — Normal,Lure,Lure Encounters,Saturday,,Chesnaught
ultra_unlock_10th_anniversary_edition,Ultra Unlock: 10th Anniversary Edition,Decidueye,False,Normal/Decidueye.png,Lure Encounters — Saturday — Normal,Lure,Lure Encounters,Saturday,,Decidueye
ultra_unlock_10th_anniversary_edition,Ultra Unlock: 10th Anniversary Edition,Rillaboom,False,Normal/Rillaboom.png,Lure Encounters — Saturday — Normal,Lure,Lure Encounters,Saturday,,Rillaboom
ultra_unlock_10th_anniversary_edition,Ultra Unlock: 10th Anniversary Edition,Meowscarada,False,Normal/Meowscarada.png,Lure Encounters — Saturday — Normal,Lure,Lure Encounters,Saturday,,Meowscarada
ultra_unlock_10th_anniversary_edition,Ultra Unlock: 10th Anniversary Edition,Charizard,False,Normal/Charizard.png,Lure Encounters — Saturday — Normal,Lure,Lure Encounters,Saturday,,Charizard
ultra_unlock_10th_anniversary_edition,Ultra Unlock: 10th Anniversary Edition,Typhlosion,False,Normal/Typhlosion.png,Lure Encounters — Saturday — Normal,Lure,Lure Encounters,Saturday,,Typhlosion
ultra_unlock_10th_anniversary_edition,Ultra Unlock: 10th Anniversary Edition,Blaziken,False,Normal/Blaziken.png,Lure Encounters — Saturday — Normal,Lure,Lure Encounters,Saturday,,Blaziken
ultra_unlock_10th_anniversary_edition,Ultra Unlock: 10th Anniversary Edition,Infernape,False,Normal/Infernape.png,Lure Encounters — Saturday — Normal,Lure,Lure Encounters,Saturday,,Infernape
ultra_unlock_10th_anniversary_edition,Ultra Unlock: 10th Anniversary Edition,Emboar,False,Normal/Emboar.png,Lure Encounters — Saturday — Normal,Lure,Lure Encounters,Saturday,,Emboar
ultra_unlock_10th_anniversary_edition,Ultra Unlock: 10th Anniversary Edition,Delphox,False,Normal/Delphox.png,Lure Encounters — Saturday — Normal,Lure,Lure Encounters,Saturday,,Delphox
ultra_unlock_10th_anniversary_edition,Ultra Unlock: 10th Anniversary Edition,Incineroar,False,Normal/Incineroar.png,Lure Encounters — Saturday — Normal,Lure,Lure Encounters,Saturday,,Incineroar
ultra_unlock_10th_anniversary_edition,Ultra Unlock: 10th Anniversary Edition,Cinderace,False,Normal/Cinderace.png,Lure Encounters — Saturday — Normal,Lure,Lure Encounters,Saturday,,Cinderace
ultra_unlock_10th_anniversary_edition,Ultra Unlock: 10th Anniversary Edition,Skeledirge,False,Normal/Skeledirge.png,Lure Encounters — Saturday — Normal,Lure,Lure Encounters,Saturday,,Skeledirge
ultra_unlock_10th_anniversary_edition,Ultra Unlock: 10th Anniversary Edition,Blastoise,False,Normal/Blastoise.png,Lure Encounters — Saturday — Normal,Lure,Lure Encounters,Saturday,,Blastoise
ultra_unlock_10th_anniversary_edition,Ultra Unlock: 10th Anniversary Edition,Feraligatr,False,Normal/Feraligatr.png,Lure Encounters — Saturday — Normal,Lure,Lure Encounters,Saturday,,Feraligatr
ultra_unlock_10th_anniversary_edition,Ultra Unlock: 10th Anniversary Edition,Swampert,False,Normal/Swampert.png,Lure Encounters — Saturday — Normal,Lure,Lure Encounters,Saturday,,Swampert
ultra_unlock_10th_anniversary_edition,Ultra Unlock: 10th Anniversary Edition,Empoleon,False,Normal/Empoleon.png,Lure Encounters — Saturday — Normal,Lure,Lure Encounters,Saturday,,Empoleon
ultra_unlock_10th_anniversary_edition,Ultra Unlock: 10th Anniversary Edition,Samurott,False,Normal/Samurott.png,Lure Encounters — Saturday — Normal,Lure,Lure Encounters,Saturday,,Samurott
ultra_unlock_10th_anniversary_edition,Ultra Unlock: 10th Anniversary Edition,Greninja,False,Normal/Greninja.png,Lure Encounters — Saturday — Normal,Lure,Lure Encounters,Saturday,,Greninja
ultra_unlock_10th_anniversary_edition,Ultra Unlock: 10th Anniversary Edition,Primarina,False,Normal/Primarina.png,Lure Encounters — Saturday — Normal,Lure,Lure Encounters,Saturday,,Primarina
ultra_unlock_10th_anniversary_edition,Ultra Unlock: 10th Anniversary Edition,Inteleon,False,Normal/Inteleon.png,Lure Encounters — Saturday — Normal,Lure,Lure Encounters,Saturday,,Inteleon
ultra_unlock_10th_anniversary_edition,Ultra Unlock: 10th Anniversary Edition,Quaquaval,False,Normal/Quaquaval.png,Lure Encounters — Saturday — Normal,Lure,Lure Encounters,Saturday,,Quaquaval
ozone_ascent,Ozone Ascent,Rayquaza,False,Normal/Rayquaza.png,Timed Research — Sunday — Normal,Research,Timed Research,Sunday,,"Complete Timed Research to encounter Rayquaza and more! The Ozone Ascent event will take place from July 25, 2026 at 10 am to July 26, 2026 at 8 pm."
ozone_ascent,Ozone Ascent,Rayquaza,False,Normal/Rayquaza.png,Timed Research — Sunday — Normal,Research,Timed Research,Sunday,,Rayquaza
ozone_ascent,Ozone Ascent,Rayquaza,True,Shiny/Rayquaza_shiny.png,Timed Research — Sunday — Shiny,Research,Timed Research,Sunday,,Rayquaza
ozone_ascent,Ozone Ascent,Rayquaza,False,Mega/Rayquaza_mega.png,Timed Research — Sunday — Mega — Normal,Research,Timed Research,Sunday,,"Complete the research tasks to earn a Meteorite, Rayquaza Mega Energy, an encounter with Rayquaza, and more!"
happy_birthday_professor_willow,"Happy Birthday, Professor Willow!",Pikachu,False,Normal/Pikachu.png,Event — Normal,Event,Event,,,"Wish Professor Willow a very happy birthday with Professor Willow's assistant Pikachu! The Happy Birthday, Professor Willow! event will take place on July 21, 2026 from 10 am to 8 pm."
happy_birthday_professor_willow,"Happy Birthday, Professor Willow!",Pikachu,False,Normal/Pikachu.png,Raids — Normal,Raid,Raids,,,Professor Willow's assistant Pikachu
happy_birthday_professor_willow,"Happy Birthday, Professor Willow!",Pikachu,True,Shiny/Pikachu_shiny.png,Raids — Shiny,Raid,Raids,,,Professor Willow's assistant Pikachu
happy_birthday_professor_willow,"Happy Birthday, Professor Willow!",Pikachu,False,Normal/Pikachu.png,Raids — Normal,Raid,Raids,,,Professor Willow's assistant Pikachu
happy_birthday_professor_willow,"Happy Birthday, Professor Willow!",Pikachu,False,Normal/Pikachu.png,Eggs — Normal,Egg,Eggs,,,"Complete Field Research tasks to earn rewards such as PokeCoins, Incense, Lucky Eggs, Lure Modules, and encounters with Professor Willow's assistant Pikachu!"
happy_birthday_professor_willow,"Happy Birthday, Professor Willow!",Pikachu,False,Normal/Pikachu.png,Timed Research — Normal,Research,Timed Research,,,Encounters with Professor Willow's assistant Pikachu
happy_birthday_professor_willow,"Happy Birthday, Professor Willow!",Pikachu,False,Normal/Pikachu.png,Field Research — Normal,Research,Field Research,,,Professor Willow's assistant Pikachu
starmie_super_mega_raid_day,Starmie Super Mega Raid Day,Starmie,False,Normal/Starmie.png,Raid Day — Saturday — Mega Super — Normal,Raid,Raid Day,Saturday,,"Starmie Super Mega Raid Day Raid Day Starts: Saturday, August 22, 2026, at 11:00 AM Local Time Ends: Saturday, August 22, 2026, at 5:00 PM Local Time"
starmie_super_mega_raid_day,Starmie Super Mega Raid Day,Starmie,False,Normal/Starmie.png,Raids — Saturday — Mega Super — Normal,Raid,Raids,Saturday,,Increased chance of encountering Shiny Starmie from Super Mega Raids
starmie_super_mega_raid_day,Starmie Super Mega Raid Day,Starmie,True,Shiny/Starmie_shiny.png,Raids — Saturday — Mega Super — Shiny,Raid,Raids,Saturday,,Increased chance of encountering Shiny Starmie from Super Mega Raids
starmie_super_mega_raid_day,Starmie Super Mega Raid Day,Starmie,False,Normal/Starmie.png,Raids — Saturday — Mega Super — Normal,Raid,Raids,Saturday,,Starmie caught from Super Mega Raids will have Mega Level 1 unlocked
starmie_super_mega_raid_day,Starmie Super Mega Raid Day,Starmie,False,Normal/Starmie.png,Raids — Saturday — Mega — Normal,Raid,Raids,Saturday,,Mega Starmie
starmie_super_mega_raid_day,Starmie Super Mega Raid Day,Starmie,True,Shiny/Starmie_shiny.png,Raids — Saturday — Mega — Shiny,Raid,Raids,Saturday,,Mega Starmie
starmie_super_mega_raid_day,Starmie Super Mega Raid Day,Starmie,False,Normal/Starmie.png,Raids — Saturday — Mega — Normal,Raid,Raids,Saturday,,Mega Starmie
starmie_super_mega_raid_day,Starmie Super Mega Raid Day,Scizor,False,Normal/Scizor.png,Timed Research — Saturday — Normal,Research,Timed Research,Saturday,,Timed Research will be available to Trainers during the event. Complete the research tasks to earn a Premium Battle Pass and an encounter with Scizor.
starmie_super_mega_raid_day,Starmie Super Mega Raid Day,Starmie,False,Normal/Starmie.png,Timed Research — Saturday — Mega Super — Normal,Raid,Timed Research,Saturday,,Starmie Super Mega Raid Day (1/1)
starmie_super_mega_raid_day,Starmie Super Mega Raid Day,Scizor,False,Mega/Scizor_mega.png,Timed Research — Saturday — Mega — Normal,Research,Timed Research,Saturday,,Power up Pokemon 15 times ×200 Scizor Mega Energy ×200
starmie_super_mega_raid_day,Starmie Super Mega Raid Day,Starmie,False,Normal/Starmie.png,Raids — Saturday — Normal,Raid,Raids,Saturday,,Starmie
starmie_super_mega_raid_day,Starmie Super Mega Raid Day,Starmie,True,Shiny/Starmie_shiny.png,Raids — Saturday — Shiny,Raid,Raids,Saturday,,Starmie
starmie_super_mega_raid_day,Starmie Super Mega Raid Day,Starmie,False,Normal/Starmie.png,Raids — Saturday — Normal,Raid,Raids,Saturday,,Starmie
fire_and_ice_hatch_day,Fire and Ice Hatch Day,Smoochum,False,Normal/Smoochum.png,Eggs — Saturday — Normal,Egg,Eggs,Saturday,,"Feeling the heat—and the chill? Fire and Ice Hatch Day features Smoochum and Magby hatching much more frequently from 2 km Eggs, with an increased chance of hatching Shiny Smoochum and Shiny Magby! The Fire and Ice Hatch Day event will take place on August 8, 2026 from 11 am to 5 pm."
fire_and_ice_hatch_day,Fire and Ice Hatch Day,Smoochum,True,Shiny/Smoochum_shiny.png,Eggs — Saturday — Shiny,Egg,Eggs,Saturday,,"Feeling the heat—and the chill? Fire and Ice Hatch Day features Smoochum and Magby hatching much more frequently from 2 km Eggs, with an increased chance of hatching Shiny Smoochum and Shiny Magby! The Fire and Ice Hatch Day event will take place on August 8, 2026 from 11 am to 5 pm."
fire_and_ice_hatch_day,Fire and Ice Hatch Day,Magby,False,Normal/Magby.png,Eggs — Saturday — Normal,Egg,Eggs,Saturday,,"Feeling the heat—and the chill? Fire and Ice Hatch Day features Smoochum and Magby hatching much more frequently from 2 km Eggs, with an increased chance of hatching Shiny Smoochum and Shiny Magby! The Fire and Ice Hatch Day event will take place on August 8, 2026 from 11 am to 5 pm."
fire_and_ice_hatch_day,Fire and Ice Hatch Day,Magby,True,Shiny/Magby_shiny.png,Eggs — Saturday — Shiny,Egg,Eggs,Saturday,,"Feeling the heat—and the chill? Fire and Ice Hatch Day features Smoochum and Magby hatching much more frequently from 2 km Eggs, with an increased chance of hatching Shiny Smoochum and Shiny Magby! The Fire and Ice Hatch Day event will take place on August 8, 2026 from 11 am to 5 pm."
fire_and_ice_hatch_day,Fire and Ice Hatch Day,Smoochum,False,Normal/Smoochum.png,Eggs — Saturday — Normal,Egg,Eggs,Saturday,,Smoochum
fire_and_ice_hatch_day,Fire and Ice Hatch Day,Magby,False,Normal/Magby.png,Eggs — Saturday — Normal,Egg,Eggs,Saturday,,Magby
fire_and_ice_hatch_day,Fire and Ice Hatch Day,Larvesta,False,Normal/Larvesta.png,Eggs — Saturday — Normal,Egg,Eggs,Saturday,,"If you're lucky, you may hatch Larvesta from a 5 km Egg!"
fire_and_ice_hatch_day,Fire and Ice Hatch Day,Larvesta,True,Shiny/Larvesta_shiny.png,Eggs — Saturday — Shiny,Egg,Eggs,Saturday,,"If you're lucky, you may hatch Larvesta from a 5 km Egg!"
fire_and_ice_hatch_day,Fire and Ice Hatch Day,Larvesta,False,Normal/Larvesta.png,Eggs — Saturday — Normal,Egg,Eggs,Saturday,,Larvesta
nickit_community_day,Nickit Community Day,Nickit,False,Normal/Nickit.png,Community Day — Sunday — Normal,Event,Community Day,Sunday,,"Nickit Community Day Community Day Starts: Sunday, August 16, 2026, at 2:00 PM Local Time Ends: Sunday, August 16, 2026, at 5:00 PM Local Time"
nickit_community_day,Nickit Community Day,Nickit,False,Normal/Nickit.png,Raids — Sunday — Normal,Raid,Raids,Sunday,,Take a few snapshots during Community Day for a surprise! During the event you can snap an AR Photo and get photobombed by Nickit.
nickit_community_day,Nickit Community Day,Nickit,False,Normal/Nickit.png,Raids — Sunday — Normal,Raid,Raids,Sunday,,Nickit
nickit_community_day,Nickit Community Day,Nickit,True,Shiny/Nickit_shiny.png,Raids — Sunday — Shiny,Raid,Raids,Sunday,,Nickit
nickit_community_day,Nickit Community Day,Nickit,False,Normal/Nickit.png,Lure Encounters — Sunday — Normal,Lure,Lure Encounters,Sunday,,"From 2:00 p.m. to 9:00 p.m. local time , Nickit will have a very high chance of appearing at PokeStops with active regular Lure Modules."
nickit_community_day,Nickit Community Day,Nickit,False,Normal/Nickit.png,Lure Encounters — Sunday — Normal,Lure,Lure Encounters,Sunday,,Nickit attracted to regular Lure Modules will still have an increased chance to be Shiny and may have a Special Background. That's more chances to encounter the featured Pokemon even after the event hours!
nickit_community_day,Nickit Community Day,Nickit,True,Shiny/Nickit_shiny.png,Lure Encounters — Sunday — Shiny,Lure,Lure Encounters,Sunday,,Nickit attracted to regular Lure Modules will still have an increased chance to be Shiny and may have a Special Background. That's more chances to encounter the featured Pokemon even after the event hours!
nickit_community_day,Nickit Community Day,Nickit,False,Normal/Nickit.png,Wild Encounters — Sunday — Normal,Wild,Wild Encounters,Sunday,,Nickit will appear more frequently in the wild.
nickit_community_day,Nickit Community Day,Nickit,False,Normal/Nickit.png,Field Research — Sunday — Normal,Research,Field Research,Sunday,,"August Community Day—themed Field Research will be available! Catch Nickit to earn rewards such as Stardust, Ultra Balls, additional encounters with Nickit, and more! You may even find Field Research that leads to encounters with Nickit that have a Special Background—if you're lucky!"
nickit_community_day,Nickit Community Day,Nickit,True,Shiny/Nickit_shiny.png,Field Research — Sunday — Shiny,Research,Field Research,Sunday,,"August Community Day—themed Field Research will be available! Catch Nickit to earn rewards such as Stardust, Ultra Balls, additional encounters with Nickit, and more! You may even find Field Research that leads to encounters with Nickit that have a Special Background—if you're lucky!"
nickit_community_day,Nickit Community Day,Nickit,False,Normal/Nickit.png,Field Research — Sunday — Normal,Research,Field Research,Sunday,,Nickit Community Day
nickit_community_day,Nickit Community Day,Nickit,False,Normal/Nickit.png,Special Research — Sunday — Normal,Research,Special Research,Sunday,,3 encounters with Nickit that have a Special Background (at the end of each page)
nickit_community_day,Nickit Community Day,Nickit,False,Normal/Nickit.png,Incense — Sunday — Normal,Incense,Incense,Sunday,,Nickit Community Day (1/3)
nickit_community_day,Nickit Community Day,Nickit,False,Normal/Nickit.png,Incense — Sunday — Normal,Incense,Incense,Sunday,,Shiny Nickit will be available! Trainers will have an increased chance of encountering Shiny Nickit during Community Day.
nickit_community_day,Nickit Community Day,Nickit,True,Shiny/Nickit_shiny.png,Incense — Sunday — Shiny,Incense,Incense,Sunday,,Shiny Nickit will be available! Trainers will have an increased chance of encountering Shiny Nickit during Community Day.
nickit_community_day,Nickit Community Day,Thievul,False,Normal/Thievul.png,Incense — Sunday — Normal,Incense,Incense,Sunday,,Thievul
nickit_community_day,Nickit Community Day,Nickit,False,Normal/Nickit.png,Wild Encounters — Normal,Wild,Wild Encounters,,,Nickit will appear more frequently in the wild.
nickit_community_day,Nickit Community Day,Nickit,True,Shiny/Nickit_shiny.png,Wild Encounters — Shiny,Wild,Wild Encounters,,,Nickit will appear more frequently in the wild.
nickit_community_day,Nickit Community Day,Nickit,False,Normal/Nickit.png,Lure Encounters — Normal,Lure,Lure Encounters,,,Nickit may be attracted to Lure Modules during the event.
nickit_community_day,Nickit Community Day,Nickit,True,Shiny/Nickit_shiny.png,Lure Encounters — Shiny,Lure,Lure Encounters,,,Nickit may be attracted to Lure Modules during the event.
go_fest_2026_sunday_raid_makeup,GO Fest 2026 Sunday Raid Makeup,Mewtwo,False,Mega/Mewtwo_x_mega.png,Raids — Sunday — Mega Origin Super — Normal,Raid,Raids,Sunday,,Raid Bosses featured during the original Sunday of GO Fest 2026: Global—including Mega Mewtwo Y Super Mega Raids—will appear!
go_fest_2026_sunday_raid_makeup,GO Fest 2026 Sunday Raid Makeup,Mewtwo,False,Mega/Mewtwo_x_mega.png,Raids — Sunday — Mega Super — Normal,Raid,Raids,Sunday,,Mega Mewtwo Y will appear in Super Mega Raids during this makeup event.
go_fest_2026_sunday_raid_makeup,GO Fest 2026 Sunday Raid Makeup,Mewtwo,False,Mega/Mewtwo_x_mega.png,Raids — Sunday — Mega — Normal,Raid,Raids,Sunday,,Mega Mewtwo Y
go_fest_2026_sunday_raid_makeup,GO Fest 2026 Sunday Raid Makeup,Mewtwo,True,Shiny/Mewtwo_shiny.png,Raids — Sunday — Mega — Shiny,Raid,Raids,Sunday,,Mega Mewtwo Y
go_fest_2026_sunday_raid_makeup,GO Fest 2026 Sunday Raid Makeup,Mewtwo,False,Mega/Mewtwo_x_mega.png,Raids — Sunday — Mega — Normal,Raid,Raids,Sunday,,Mega Mewtwo Y
go_fest_2026_sunday_raid_makeup,GO Fest 2026 Sunday Raid Makeup,Pikachu,False,Costume/Pikachu_instinct.png,Raids — Sunday — Normal,Raid,Raids,Sunday,,"Pikachu wearing a Team Instinct, Team Mystic, or Team Valor hat will appear in 1-Star Raids throughout the event."
go_fest_2026_sunday_raid_makeup,GO Fest 2026 Sunday Raid Makeup,Pikachu,False,Costume/Pikachu_instinct.png,Raids — Sunday — Normal,Raid,Raids,Sunday,,Pikachu wearing a Team Instinct hat
go_fest_2026_sunday_raid_makeup,GO Fest 2026 Sunday Raid Makeup,Pikachu,True,Shiny/Pikachu_shiny.png,Raids — Sunday — Shiny,Raid,Raids,Sunday,,Pikachu wearing a Team Instinct hat
go_fest_2026_sunday_raid_makeup,GO Fest 2026 Sunday Raid Makeup,Pikachu,False,Costume/Pikachu_instinct.png,Raids — Sunday — Normal,Raid,Raids,Sunday,,Pikachu wearing a Team Instinct hat
go_fest_2026_sunday_raid_makeup,GO Fest 2026 Sunday Raid Makeup,Pikachu,False,Costume/Pikachu_mystic.png,Raids — Sunday — Normal,Raid,Raids,Sunday,,Pikachu wearing a Team Mystic hat
go_fest_2026_sunday_raid_makeup,GO Fest 2026 Sunday Raid Makeup,Pikachu,True,Shiny/Pikachu_shiny.png,Raids — Sunday — Shiny,Raid,Raids,Sunday,,Pikachu wearing a Team Mystic hat
go_fest_2026_sunday_raid_makeup,GO Fest 2026 Sunday Raid Makeup,Pikachu,False,Costume/Pikachu_mystic.png,Raids — Sunday — Normal,Raid,Raids,Sunday,,Pikachu wearing a Team Mystic hat
go_fest_2026_sunday_raid_makeup,GO Fest 2026 Sunday Raid Makeup,Pikachu,False,Costume/Pikachu_party_hat.png,Raids — Sunday — Normal,Raid,Raids,Sunday,,Pikachu wearing a Team Valor hat
go_fest_2026_sunday_raid_makeup,GO Fest 2026 Sunday Raid Makeup,Pikachu,True,Shiny/Pikachu_shiny.png,Raids — Sunday — Shiny,Raid,Raids,Sunday,,Pikachu wearing a Team Valor hat
go_fest_2026_sunday_raid_makeup,GO Fest 2026 Sunday Raid Makeup,Pikachu,False,Costume/Pikachu_party_hat.png,Raids — Sunday — Normal,Raid,Raids,Sunday,,Pikachu wearing a Team Valor hat
go_fest_2026_sunday_raid_makeup,GO Fest 2026 Sunday Raid Makeup,Metagross,False,Mega/Metagross_mega.png,Raids — Sunday — Habitat Raids — Mega — Normal,Raid,Raids,Sunday,Habitat Raids,Mega Metagross
go_fest_2026_sunday_raid_makeup,GO Fest 2026 Sunday Raid Makeup,Metagross,True,Mega/Shiny/Metagross_mega_shiny.png,Raids — Sunday — Habitat Raids — Mega — Shiny,Raid,Raids,Sunday,Habitat Raids,Mega Metagross
go_fest_2026_sunday_raid_makeup,GO Fest 2026 Sunday Raid Makeup,Metagross,False,Mega/Metagross_mega.png,Raids — Sunday — Habitat Raids — Mega — Normal,Raid,Raids,Sunday,Habitat Raids,Mega Metagross
go_fest_2026_sunday_raid_makeup,GO Fest 2026 Sunday Raid Makeup,Garchomp,False,Mega/Garchomp_mega.png,Raids — Sunday — Habitat Raids — Mega — Normal,Raid,Raids,Sunday,Habitat Raids,Mega Garchomp
go_fest_2026_sunday_raid_makeup,GO Fest 2026 Sunday Raid Makeup,Garchomp,True,Mega/Shiny/Garchomp_mega_shiny.png,Raids — Sunday — Habitat Raids — Mega — Shiny,Raid,Raids,Sunday,Habitat Raids,Mega Garchomp
go_fest_2026_sunday_raid_makeup,GO Fest 2026 Sunday Raid Makeup,Garchomp,False,Mega/Garchomp_mega.png,Raids — Sunday — Habitat Raids — Mega — Normal,Raid,Raids,Sunday,Habitat Raids,Mega Garchomp
go_fest_2026_sunday_raid_makeup,GO Fest 2026 Sunday Raid Makeup,Audino,False,Mega/Audino_mega.png,Raids — Sunday — Habitat Raids — Mega — Normal,Raid,Raids,Sunday,Habitat Raids,Mega Audino
go_fest_2026_sunday_raid_makeup,GO Fest 2026 Sunday Raid Makeup,Audino,True,Mega/Shiny/Audino_mega_shiny.png,Raids — Sunday — Habitat Raids — Mega — Shiny,Raid,Raids,Sunday,Habitat Raids,Mega Audino
go_fest_2026_sunday_raid_makeup,GO Fest 2026 Sunday Raid Makeup,Audino,False,Mega/Audino_mega.png,Raids — Sunday — Habitat Raids — Mega — Normal,Raid,Raids,Sunday,Habitat Raids,Mega Audino
go_fest_2026_sunday_raid_makeup,GO Fest 2026 Sunday Raid Makeup,Regirock,False,Normal/Regirock.png,Raids — Sunday — Habitat Raids — Normal,Raid,Raids,Sunday,Habitat Raids,Regirock
go_fest_2026_sunday_raid_makeup,GO Fest 2026 Sunday Raid Makeup,Regirock,True,Shiny/Regirock_shiny.png,Raids — Sunday — Habitat Raids — Shiny,Raid,Raids,Sunday,Habitat Raids,Regirock
go_fest_2026_sunday_raid_makeup,GO Fest 2026 Sunday Raid Makeup,Regirock,False,Normal/Regirock.png,Raids — Sunday — Habitat Raids — Normal,Raid,Raids,Sunday,Habitat Raids,Regirock
go_fest_2026_sunday_raid_makeup,GO Fest 2026 Sunday Raid Makeup,Regice,False,Normal/Regice.png,Raids — Sunday — Habitat Raids — Normal,Raid,Raids,Sunday,Habitat Raids,Regice
go_fest_2026_sunday_raid_makeup,GO Fest 2026 Sunday Raid Makeup,Regice,True,Shiny/Regice_shiny.png,Raids — Sunday — Habitat Raids — Shiny,Raid,Raids,Sunday,Habitat Raids,Regice
go_fest_2026_sunday_raid_makeup,GO Fest 2026 Sunday Raid Makeup,Regice,False,Normal/Regice.png,Raids — Sunday — Habitat Raids — Normal,Raid,Raids,Sunday,Habitat Raids,Regice
go_fest_2026_sunday_raid_makeup,GO Fest 2026 Sunday Raid Makeup,Registeel,False,Normal/Registeel.png,Raids — Sunday — Habitat Raids — Normal,Raid,Raids,Sunday,Habitat Raids,Registeel
go_fest_2026_sunday_raid_makeup,GO Fest 2026 Sunday Raid Makeup,Registeel,True,Shiny/Registeel_shiny.png,Raids — Sunday — Habitat Raids — Shiny,Raid,Raids,Sunday,Habitat Raids,Registeel
go_fest_2026_sunday_raid_makeup,GO Fest 2026 Sunday Raid Makeup,Registeel,False,Normal/Registeel.png,Raids — Sunday — Habitat Raids — Normal,Raid,Raids,Sunday,Habitat Raids,Registeel
go_fest_2026_sunday_raid_makeup,GO Fest 2026 Sunday Raid Makeup,Dialga,False,Normal/Dialga_origin.png,Raids — Sunday — Habitat Raids — Origin — Normal,Raid,Raids,Sunday,Habitat Raids,Origin Forme Dialga
go_fest_2026_sunday_raid_makeup,GO Fest 2026 Sunday Raid Makeup,Dialga,True,Shiny/Dialga_origin_shiny.png,Raids — Sunday — Habitat Raids — Origin — Shiny,Raid,Raids,Sunday,Habitat Raids,Origin Forme Dialga
go_fest_2026_sunday_raid_makeup,GO Fest 2026 Sunday Raid Makeup,Dialga,False,Normal/Dialga_origin.png,Raids — Sunday — Habitat Raids — Origin — Normal,Raid,Raids,Sunday,Habitat Raids,Origin Forme Dialga
go_fest_2026_sunday_raid_makeup,GO Fest 2026 Sunday Raid Makeup,Palkia,False,Normal/Palkia_origin.png,Raids — Sunday — Habitat Raids — Origin — Normal,Raid,Raids,Sunday,Habitat Raids,Origin Forme Palkia
go_fest_2026_sunday_raid_makeup,GO Fest 2026 Sunday Raid Makeup,Palkia,True,Shiny/Palkia_origin_shiny.png,Raids — Sunday — Habitat Raids — Origin — Shiny,Raid,Raids,Sunday,Habitat Raids,Origin Forme Palkia
go_fest_2026_sunday_raid_makeup,GO Fest 2026 Sunday Raid Makeup,Palkia,False,Normal/Palkia_origin.png,Raids — Sunday — Habitat Raids — Origin — Normal,Raid,Raids,Sunday,Habitat Raids,Origin Forme Palkia
go_fest_2026_sunday_raid_makeup,GO Fest 2026 Sunday Raid Makeup,Heatran,False,Normal/Heatran.png,Raids — Sunday — Habitat Raids — Normal,Raid,Raids,Sunday,Habitat Raids,Heatran
go_fest_2026_sunday_raid_makeup,GO Fest 2026 Sunday Raid Makeup,Heatran,True,Shiny/Heatran_shiny.png,Raids — Sunday — Habitat Raids — Shiny,Raid,Raids,Sunday,Habitat Raids,Heatran
go_fest_2026_sunday_raid_makeup,GO Fest 2026 Sunday Raid Makeup,Heatran,False,Normal/Heatran.png,Raids — Sunday — Habitat Raids — Normal,Raid,Raids,Sunday,Habitat Raids,Heatran
go_fest_2026_sunday_raid_makeup,GO Fest 2026 Sunday Raid Makeup,Regigigas,False,Normal/Regigigas.png,Raids — Sunday — Habitat Raids — Normal,Raid,Raids,Sunday,Habitat Raids,Regigigas
go_fest_2026_sunday_raid_makeup,GO Fest 2026 Sunday Raid Makeup,Regigigas,True,Shiny/Regigigas_shiny.png,Raids — Sunday — Habitat Raids — Shiny,Raid,Raids,Sunday,Habitat Raids,Regigigas
go_fest_2026_sunday_raid_makeup,GO Fest 2026 Sunday Raid Makeup,Regigigas,False,Normal/Regigigas.png,Raids — Sunday — Habitat Raids — Normal,Raid,Raids,Sunday,Habitat Raids,Regigigas
go_fest_2026_sunday_raid_makeup,GO Fest 2026 Sunday Raid Makeup,Tornadus,False,Normal/Tornadus.png,Raids — Sunday — Habitat Raids — Normal,Raid,Raids,Sunday,Habitat Raids,Tornadus (Incarnate)
go_fest_2026_sunday_raid_makeup,GO Fest 2026 Sunday Raid Makeup,Tornadus,True,Shiny/Tornadus_shiny.png,Raids — Sunday — Habitat Raids — Shiny,Raid,Raids,Sunday,Habitat Raids,Tornadus (Incarnate)
go_fest_2026_sunday_raid_makeup,GO Fest 2026 Sunday Raid Makeup,Tornadus,False,Normal/Tornadus.png,Raids — Sunday — Habitat Raids — Normal,Raid,Raids,Sunday,Habitat Raids,Tornadus (Incarnate)
go_fest_2026_sunday_raid_makeup,GO Fest 2026 Sunday Raid Makeup,Tornadus,False,Normal/Tornadus_therian.png,Raids — Sunday — Habitat Raids — Therian — Normal,Raid,Raids,Sunday,Habitat Raids,Tornadus (Therian)
go_fest_2026_sunday_raid_makeup,GO Fest 2026 Sunday Raid Makeup,Tornadus,True,Shiny/Tornadus_therian_shiny.png,Raids — Sunday — Habitat Raids — Therian — Shiny,Raid,Raids,Sunday,Habitat Raids,Tornadus (Therian)
go_fest_2026_sunday_raid_makeup,GO Fest 2026 Sunday Raid Makeup,Tornadus,False,Normal/Tornadus_therian.png,Raids — Sunday — Habitat Raids — Therian — Normal,Raid,Raids,Sunday,Habitat Raids,Tornadus (Therian)
go_fest_2026_sunday_raid_makeup,GO Fest 2026 Sunday Raid Makeup,Thundurus,False,Normal/Thundurus.png,Raids — Sunday — Habitat Raids — Normal,Raid,Raids,Sunday,Habitat Raids,Thundurus (Incarnate)
go_fest_2026_sunday_raid_makeup,GO Fest 2026 Sunday Raid Makeup,Thundurus,True,Shiny/Thundurus_shiny.png,Raids — Sunday — Habitat Raids — Shiny,Raid,Raids,Sunday,Habitat Raids,Thundurus (Incarnate)
go_fest_2026_sunday_raid_makeup,GO Fest 2026 Sunday Raid Makeup,Thundurus,False,Normal/Thundurus.png,Raids — Sunday — Habitat Raids — Normal,Raid,Raids,Sunday,Habitat Raids,Thundurus (Incarnate)
go_fest_2026_sunday_raid_makeup,GO Fest 2026 Sunday Raid Makeup,Thundurus,False,Normal/Thundurus_therian.png,Raids — Sunday — Habitat Raids — Therian — Normal,Raid,Raids,Sunday,Habitat Raids,Thundurus (Therian)
go_fest_2026_sunday_raid_makeup,GO Fest 2026 Sunday Raid Makeup,Thundurus,True,Shiny/Thundurus_therian_shiny.png,Raids — Sunday — Habitat Raids — Therian — Shiny,Raid,Raids,Sunday,Habitat Raids,Thundurus (Therian)
go_fest_2026_sunday_raid_makeup,GO Fest 2026 Sunday Raid Makeup,Thundurus,False,Normal/Thundurus_therian.png,Raids — Sunday — Habitat Raids — Therian — Normal,Raid,Raids,Sunday,Habitat Raids,Thundurus (Therian)
go_fest_2026_sunday_raid_makeup,GO Fest 2026 Sunday Raid Makeup,Landorus,False,Normal/Landorus.png,Raids — Sunday — Habitat Raids — Normal,Raid,Raids,Sunday,Habitat Raids,Landorus (Incarnate)
go_fest_2026_sunday_raid_makeup,GO Fest 2026 Sunday Raid Makeup,Landorus,True,Shiny/Landorus_shiny.png,Raids — Sunday — Habitat Raids — Shiny,Raid,Raids,Sunday,Habitat Raids,Landorus (Incarnate)
go_fest_2026_sunday_raid_makeup,GO Fest 2026 Sunday Raid Makeup,Landorus,False,Normal/Landorus.png,Raids — Sunday — Habitat Raids — Normal,Raid,Raids,Sunday,Habitat Raids,Landorus (Incarnate)
go_fest_2026_sunday_raid_makeup,GO Fest 2026 Sunday Raid Makeup,Landorus,False,Normal/Landorus_therian.png,Raids — Sunday — Habitat Raids — Therian — Normal,Raid,Raids,Sunday,Habitat Raids,Landorus (Therian)
go_fest_2026_sunday_raid_makeup,GO Fest 2026 Sunday Raid Makeup,Landorus,True,Shiny/Landorus_therian_shiny.png,Raids — Sunday — Habitat Raids — Therian — Shiny,Raid,Raids,Sunday,Habitat Raids,Landorus (Therian)
go_fest_2026_sunday_raid_makeup,GO Fest 2026 Sunday Raid Makeup,Landorus,False,Normal/Landorus_therian.png,Raids — Sunday — Habitat Raids — Therian — Normal,Raid,Raids,Sunday,Habitat Raids,Landorus (Therian)
go_fest_2026_sunday_raid_makeup,GO Fest 2026 Sunday Raid Makeup,Regieleki,False,Normal/Regieleki.png,Raids — Sunday — Habitat Raids — Normal,Raid,Raids,Sunday,Habitat Raids,Regieleki
go_fest_2026_sunday_raid_makeup,GO Fest 2026 Sunday Raid Makeup,Regieleki,True,Shiny/Regieleki_shiny.png,Raids — Sunday — Habitat Raids — Shiny,Raid,Raids,Sunday,Habitat Raids,Regieleki
go_fest_2026_sunday_raid_makeup,GO Fest 2026 Sunday Raid Makeup,Regieleki,False,Normal/Regieleki.png,Raids — Sunday — Habitat Raids — Normal,Raid,Raids,Sunday,Habitat Raids,Regieleki
go_fest_2026_sunday_raid_makeup,GO Fest 2026 Sunday Raid Makeup,Regidrago,False,Normal/Regidrago.png,Raids — Sunday — Habitat Raids — Normal,Raid,Raids,Sunday,Habitat Raids,Regidrago
go_fest_2026_sunday_raid_makeup,GO Fest 2026 Sunday Raid Makeup,Regidrago,True,Shiny/Regidrago_shiny.png,Raids — Sunday — Habitat Raids — Shiny,Raid,Raids,Sunday,Habitat Raids,Regidrago
go_fest_2026_sunday_raid_makeup,GO Fest 2026 Sunday Raid Makeup,Regidrago,False,Normal/Regidrago.png,Raids — Sunday — Habitat Raids — Normal,Raid,Raids,Sunday,Habitat Raids,Regidrago
go_fest_2026_sunday_raid_makeup,GO Fest 2026 Sunday Raid Makeup,Enamorus,False,Normal/Enamorus.png,Raids — Sunday — Habitat Raids — Normal,Raid,Raids,Sunday,Habitat Raids,Enamorus (Incarnate)
go_fest_2026_sunday_raid_makeup,GO Fest 2026 Sunday Raid Makeup,Enamorus,False,Normal/Enamorus_therian.png,Raids — Sunday — Habitat Raids — Therian — Normal,Raid,Raids,Sunday,Habitat Raids,Enamorus (Therian Forme)
go_fest_2026_sunday_raid_makeup,GO Fest 2026 Sunday Raid Makeup,Beedrill,False,Mega/Beedrill_mega.png,Raids — Sunday — Habitat Raids — Mega — Normal,Raid,Raids,Sunday,Habitat Raids,Mega Beedrill
go_fest_2026_sunday_raid_makeup,GO Fest 2026 Sunday Raid Makeup,Beedrill,True,Mega/Shiny/Beedrill_mega_shiny.png,Raids — Sunday — Habitat Raids — Mega — Shiny,Raid,Raids,Sunday,Habitat Raids,Mega Beedrill
go_fest_2026_sunday_raid_makeup,GO Fest 2026 Sunday Raid Makeup,Beedrill,False,Mega/Beedrill_mega.png,Raids — Sunday — Habitat Raids — Mega — Normal,Raid,Raids,Sunday,Habitat Raids,Mega Beedrill
go_fest_2026_sunday_raid_makeup,GO Fest 2026 Sunday Raid Makeup,Pinsir,False,Mega/Pinsir_mega.png,Raids — Sunday — Habitat Raids — Mega — Normal,Raid,Raids,Sunday,Habitat Raids,Mega Pinsir
go_fest_2026_sunday_raid_makeup,GO Fest 2026 Sunday Raid Makeup,Pinsir,True,Mega/Shiny/Pinsir_mega_shiny.png,Raids — Sunday — Habitat Raids — Mega — Shiny,Raid,Raids,Sunday,Habitat Raids,Mega Pinsir
go_fest_2026_sunday_raid_makeup,GO Fest 2026 Sunday Raid Makeup,Pinsir,False,Mega/Pinsir_mega.png,Raids — Sunday — Habitat Raids — Mega — Normal,Raid,Raids,Sunday,Habitat Raids,Mega Pinsir
go_fest_2026_sunday_raid_makeup,GO Fest 2026 Sunday Raid Makeup,Sceptile,False,Mega/Sceptile_mega.png,Raids — Sunday — Habitat Raids — Mega — Normal,Raid,Raids,Sunday,Habitat Raids,Mega Sceptile
go_fest_2026_sunday_raid_makeup,GO Fest 2026 Sunday Raid Makeup,Sceptile,True,Mega/Shiny/Sceptile_mega_shiny.png,Raids — Sunday — Habitat Raids — Mega — Shiny,Raid,Raids,Sunday,Habitat Raids,Mega Sceptile
go_fest_2026_sunday_raid_makeup,GO Fest 2026 Sunday Raid Makeup,Sceptile,False,Mega/Sceptile_mega.png,Raids — Sunday — Habitat Raids — Mega — Normal,Raid,Raids,Sunday,Habitat Raids,Mega Sceptile
go_fest_2026_sunday_raid_makeup,GO Fest 2026 Sunday Raid Makeup,Deoxys,False,Normal/Deoxys.png,Raids — Sunday — Habitat Raids — Normal,Raid,Raids,Sunday,Habitat Raids,Deoxys (Attack)
go_fest_2026_sunday_raid_makeup,GO Fest 2026 Sunday Raid Makeup,Deoxys,True,Shiny/Deoxys_attack_shiny.png,Raids — Sunday — Habitat Raids — Shiny,Raid,Raids,Sunday,Habitat Raids,Deoxys (Attack)
go_fest_2026_sunday_raid_makeup,GO Fest 2026 Sunday Raid Makeup,Deoxys,False,Normal/Deoxys.png,Raids — Sunday — Habitat Raids — Normal,Raid,Raids,Sunday,Habitat Raids,Deoxys (Attack)
go_fest_2026_sunday_raid_makeup,GO Fest 2026 Sunday Raid Makeup,Genesect,False,Normal/Genesect.png,Raids — Sunday — Habitat Raids — Normal,Raid,Raids,Sunday,Habitat Raids,Genesect
go_fest_2026_sunday_raid_makeup,GO Fest 2026 Sunday Raid Makeup,Genesect,True,Shiny/Genesect_burn_shiny.png,Raids — Sunday — Habitat Raids — Shiny,Raid,Raids,Sunday,Habitat Raids,Genesect
go_fest_2026_sunday_raid_makeup,GO Fest 2026 Sunday Raid Makeup,Genesect,False,Normal/Genesect.png,Raids — Sunday — Habitat Raids — Normal,Raid,Raids,Sunday,Habitat Raids,Genesect
go_fest_2026_sunday_raid_makeup,GO Fest 2026 Sunday Raid Makeup,Tapu Koko,False,Normal/Tapu_Koko.png,Raids — Sunday — Habitat Raids — Normal,Raid,Raids,Sunday,Habitat Raids,Tapu Koko
go_fest_2026_sunday_raid_makeup,GO Fest 2026 Sunday Raid Makeup,Tapu Koko,True,Shiny/Tapu_Koko_shiny.png,Raids — Sunday — Habitat Raids — Shiny,Raid,Raids,Sunday,Habitat Raids,Tapu Koko
go_fest_2026_sunday_raid_makeup,GO Fest 2026 Sunday Raid Makeup,Tapu Koko,False,Normal/Tapu_Koko.png,Raids — Sunday — Habitat Raids — Normal,Raid,Raids,Sunday,Habitat Raids,Tapu Koko
go_fest_2026_sunday_raid_makeup,GO Fest 2026 Sunday Raid Makeup,Tapu Lele,False,Normal/Tapu_Lele.png,Raids — Sunday — Habitat Raids — Normal,Raid,Raids,Sunday,Habitat Raids,Tapu Lele
go_fest_2026_sunday_raid_makeup,GO Fest 2026 Sunday Raid Makeup,Tapu Lele,True,Shiny/Tapu_Lele_shiny.png,Raids — Sunday — Habitat Raids — Shiny,Raid,Raids,Sunday,Habitat Raids,Tapu Lele
go_fest_2026_sunday_raid_makeup,GO Fest 2026 Sunday Raid Makeup,Tapu Lele,False,Normal/Tapu_Lele.png,Raids — Sunday — Habitat Raids — Normal,Raid,Raids,Sunday,Habitat Raids,Tapu Lele
go_fest_2026_sunday_raid_makeup,GO Fest 2026 Sunday Raid Makeup,Tapu Bulu,False,Normal/Tapu_Bulu.png,Raids — Sunday — Habitat Raids — Normal,Raid,Raids,Sunday,Habitat Raids,Tapu Bulu
go_fest_2026_sunday_raid_makeup,GO Fest 2026 Sunday Raid Makeup,Tapu Bulu,True,Shiny/Tapu_Bulu_shiny.png,Raids — Sunday — Habitat Raids — Shiny,Raid,Raids,Sunday,Habitat Raids,Tapu Bulu
go_fest_2026_sunday_raid_makeup,GO Fest 2026 Sunday Raid Makeup,Tapu Bulu,False,Normal/Tapu_Bulu.png,Raids — Sunday — Habitat Raids — Normal,Raid,Raids,Sunday,Habitat Raids,Tapu Bulu
go_fest_2026_sunday_raid_makeup,GO Fest 2026 Sunday Raid Makeup,Tapu Fini,False,Normal/Tapu_Fini.png,Raids — Sunday — Habitat Raids — Normal,Raid,Raids,Sunday,Habitat Raids,Tapu Fini
go_fest_2026_sunday_raid_makeup,GO Fest 2026 Sunday Raid Makeup,Tapu Fini,True,Shiny/Tapu_Fini_shiny.png,Raids — Sunday — Habitat Raids — Shiny,Raid,Raids,Sunday,Habitat Raids,Tapu Fini
go_fest_2026_sunday_raid_makeup,GO Fest 2026 Sunday Raid Makeup,Tapu Fini,False,Normal/Tapu_Fini.png,Raids — Sunday — Habitat Raids — Normal,Raid,Raids,Sunday,Habitat Raids,Tapu Fini
go_fest_2026_sunday_raid_makeup,GO Fest 2026 Sunday Raid Makeup,Nihilego,False,Normal/Nihilego.png,Raids — Sunday — Habitat Raids — Normal,Raid,Raids,Sunday,Habitat Raids,Nihilego
go_fest_2026_sunday_raid_makeup,GO Fest 2026 Sunday Raid Makeup,Nihilego,True,Shiny/Nihilego_shiny.png,Raids — Sunday — Habitat Raids — Shiny,Raid,Raids,Sunday,Habitat Raids,Nihilego
go_fest_2026_sunday_raid_makeup,GO Fest 2026 Sunday Raid Makeup,Nihilego,False,Normal/Nihilego.png,Raids — Sunday — Habitat Raids — Normal,Raid,Raids,Sunday,Habitat Raids,Nihilego
go_fest_2026_sunday_raid_makeup,GO Fest 2026 Sunday Raid Makeup,Buzzwole,False,Normal/Buzzwole.png,Raids — Sunday — Habitat Raids — Normal,Raid,Raids,Sunday,Habitat Raids,Buzzwole
go_fest_2026_sunday_raid_makeup,GO Fest 2026 Sunday Raid Makeup,Buzzwole,True,Shiny/Buzzwole_shiny.png,Raids — Sunday — Habitat Raids — Shiny,Raid,Raids,Sunday,Habitat Raids,Buzzwole
go_fest_2026_sunday_raid_makeup,GO Fest 2026 Sunday Raid Makeup,Buzzwole,False,Normal/Buzzwole.png,Raids — Sunday — Habitat Raids — Normal,Raid,Raids,Sunday,Habitat Raids,Buzzwole
go_fest_2026_sunday_raid_makeup,GO Fest 2026 Sunday Raid Makeup,Pheromosa,False,Normal/Pheromosa.png,Raids — Sunday — Habitat Raids — Normal,Raid,Raids,Sunday,Habitat Raids,Pheromosa
go_fest_2026_sunday_raid_makeup,GO Fest 2026 Sunday Raid Makeup,Pheromosa,True,Shiny/Pheromosa_shiny.png,Raids — Sunday — Habitat Raids — Shiny,Raid,Raids,Sunday,Habitat Raids,Pheromosa
go_fest_2026_sunday_raid_makeup,GO Fest 2026 Sunday Raid Makeup,Pheromosa,False,Normal/Pheromosa.png,Raids — Sunday — Habitat Raids — Normal,Raid,Raids,Sunday,Habitat Raids,Pheromosa
go_fest_2026_sunday_raid_makeup,GO Fest 2026 Sunday Raid Makeup,Xurkitree,False,Normal/Xurkitree.png,Raids — Sunday — Habitat Raids — Normal,Raid,Raids,Sunday,Habitat Raids,Xurkitree
go_fest_2026_sunday_raid_makeup,GO Fest 2026 Sunday Raid Makeup,Xurkitree,True,Shiny/Xurkitree_shiny.png,Raids — Sunday — Habitat Raids — Shiny,Raid,Raids,Sunday,Habitat Raids,Xurkitree
go_fest_2026_sunday_raid_makeup,GO Fest 2026 Sunday Raid Makeup,Xurkitree,False,Normal/Xurkitree.png,Raids — Sunday — Habitat Raids — Normal,Raid,Raids,Sunday,Habitat Raids,Xurkitree
go_fest_2026_sunday_raid_makeup,GO Fest 2026 Sunday Raid Makeup,Celesteela,False,Normal/Celesteela.png,Raids — Sunday — Habitat Raids — Normal,Raid,Raids,Sunday,Habitat Raids,Celesteela
go_fest_2026_sunday_raid_makeup,GO Fest 2026 Sunday Raid Makeup,Celesteela,True,Shiny/Celesteela_shiny.png,Raids — Sunday — Habitat Raids — Shiny,Raid,Raids,Sunday,Habitat Raids,Celesteela
go_fest_2026_sunday_raid_makeup,GO Fest 2026 Sunday Raid Makeup,Celesteela,False,Normal/Celesteela.png,Raids — Sunday — Habitat Raids — Normal,Raid,Raids,Sunday,Habitat Raids,Celesteela
go_fest_2026_sunday_raid_makeup,GO Fest 2026 Sunday Raid Makeup,Kartana,False,Normal/Kartana.png,Raids — Sunday — Habitat Raids — Normal,Raid,Raids,Sunday,Habitat Raids,Kartana
go_fest_2026_sunday_raid_makeup,GO Fest 2026 Sunday Raid Makeup,Kartana,True,Shiny/Kartana_shiny.png,Raids — Sunday — Habitat Raids — Shiny,Raid,Raids,Sunday,Habitat Raids,Kartana
go_fest_2026_sunday_raid_makeup,GO Fest 2026 Sunday Raid Makeup,Kartana,False,Normal/Kartana.png,Raids — Sunday — Habitat Raids — Normal,Raid,Raids,Sunday,Habitat Raids,Kartana
go_fest_2026_sunday_raid_makeup,GO Fest 2026 Sunday Raid Makeup,Guzzlord,False,Normal/Guzzlord.png,Raids — Sunday — Habitat Raids — Normal,Raid,Raids,Sunday,Habitat Raids,Guzzlord
go_fest_2026_sunday_raid_makeup,GO Fest 2026 Sunday Raid Makeup,Guzzlord,True,Shiny/Guzzlord_shiny.png,Raids — Sunday — Habitat Raids — Shiny,Raid,Raids,Sunday,Habitat Raids,Guzzlord
go_fest_2026_sunday_raid_makeup,GO Fest 2026 Sunday Raid Makeup,Guzzlord,False,Normal/Guzzlord.png,Raids — Sunday — Habitat Raids — Normal,Raid,Raids,Sunday,Habitat Raids,Guzzlord
go_fest_2026_sunday_raid_makeup,GO Fest 2026 Sunday Raid Makeup,Necrozma,False,Normal/Necrozma.png,Raids — Sunday — Habitat Raids — Normal,Raid,Raids,Sunday,Habitat Raids,Necrozma
go_fest_2026_sunday_raid_makeup,GO Fest 2026 Sunday Raid Makeup,Necrozma,True,Shiny/Necrozma_dawn_wings_shiny.png,Raids — Sunday — Habitat Raids — Shiny,Raid,Raids,Sunday,Habitat Raids,Necrozma
go_fest_2026_sunday_raid_makeup,GO Fest 2026 Sunday Raid Makeup,Necrozma,False,Normal/Necrozma.png,Raids — Sunday — Habitat Raids — Normal,Raid,Raids,Sunday,Habitat Raids,Necrozma
go_fest_2026_sunday_raid_makeup,GO Fest 2026 Sunday Raid Makeup,Stakataka,False,Normal/Stakataka.png,Raids — Sunday — Habitat Raids — Normal,Raid,Raids,Sunday,Habitat Raids,Stakataka
go_fest_2026_sunday_raid_makeup,GO Fest 2026 Sunday Raid Makeup,Stakataka,True,Shiny/Stakataka_shiny.png,Raids — Sunday — Habitat Raids — Shiny,Raid,Raids,Sunday,Habitat Raids,Stakataka
go_fest_2026_sunday_raid_makeup,GO Fest 2026 Sunday Raid Makeup,Stakataka,False,Normal/Stakataka.png,Raids — Sunday — Habitat Raids — Normal,Raid,Raids,Sunday,Habitat Raids,Stakataka
go_fest_2026_sunday_raid_makeup,GO Fest 2026 Sunday Raid Makeup,Blacephalon,False,Normal/Blacephalon.png,Raids — Sunday — Habitat Raids — Normal,Raid,Raids,Sunday,Habitat Raids,Blacephalon
go_fest_2026_sunday_raid_makeup,GO Fest 2026 Sunday Raid Makeup,Blacephalon,True,Shiny/Blacephalon_shiny.png,Raids — Sunday — Habitat Raids — Shiny,Raid,Raids,Sunday,Habitat Raids,Blacephalon
go_fest_2026_sunday_raid_makeup,GO Fest 2026 Sunday Raid Makeup,Blacephalon,False,Normal/Blacephalon.png,Raids — Sunday — Habitat Raids — Normal,Raid,Raids,Sunday,Habitat Raids,Blacephalon
go_fest_2026_sunday_raid_makeup,GO Fest 2026 Sunday Raid Makeup,Tyranitar,False,Mega/Tyranitar_mega.png,Raids — Sunday — Habitat Raids — Mega — Normal,Raid,Raids,Sunday,Habitat Raids,Mega Tyranitar
go_fest_2026_sunday_raid_makeup,GO Fest 2026 Sunday Raid Makeup,Tyranitar,True,Mega/Shiny/Tyranitar_mega_shiny.png,Raids — Sunday — Habitat Raids — Mega — Shiny,Raid,Raids,Sunday,Habitat Raids,Mega Tyranitar
go_fest_2026_sunday_raid_makeup,GO Fest 2026 Sunday Raid Makeup,Tyranitar,False,Mega/Tyranitar_mega.png,Raids — Sunday — Habitat Raids — Mega — Normal,Raid,Raids,Sunday,Habitat Raids,Mega Tyranitar
go_fest_2026_sunday_raid_makeup,GO Fest 2026 Sunday Raid Makeup,Gardevoir,False,Mega/Gardevoir_mega.png,Raids — Sunday — Habitat Raids — Mega — Normal,Raid,Raids,Sunday,Habitat Raids,Mega Gardevoir
go_fest_2026_sunday_raid_makeup,GO Fest 2026 Sunday Raid Makeup,Gardevoir,True,Mega/Shiny/Gardevoir_mega_shiny.png,Raids — Sunday — Habitat Raids — Mega — Shiny,Raid,Raids,Sunday,Habitat Raids,Mega Gardevoir
go_fest_2026_sunday_raid_makeup,GO Fest 2026 Sunday Raid Makeup,Gardevoir,False,Mega/Gardevoir_mega.png,Raids — Sunday — Habitat Raids — Mega — Normal,Raid,Raids,Sunday,Habitat Raids,Mega Gardevoir
go_fest_2026_sunday_raid_makeup,GO Fest 2026 Sunday Raid Makeup,Lucario,False,Mega/Lucario_mega.png,Raids — Sunday — Habitat Raids — Mega — Normal,Raid,Raids,Sunday,Habitat Raids,Mega Lucario
go_fest_2026_sunday_raid_makeup,GO Fest 2026 Sunday Raid Makeup,Lucario,True,Mega/Shiny/Lucario_mega_shiny.png,Raids — Sunday — Habitat Raids — Mega — Shiny,Raid,Raids,Sunday,Habitat Raids,Mega Lucario
go_fest_2026_sunday_raid_makeup,GO Fest 2026 Sunday Raid Makeup,Lucario,False,Mega/Lucario_mega.png,Raids — Sunday — Habitat Raids — Mega — Normal,Raid,Raids,Sunday,Habitat Raids,Mega Lucario
go_fest_2026_sunday_raid_makeup,GO Fest 2026 Sunday Raid Makeup,Latias,False,Normal/Latias.png,Raids — Sunday — Habitat Raids — Normal,Raid,Raids,Sunday,Habitat Raids,Latias
go_fest_2026_sunday_raid_makeup,GO Fest 2026 Sunday Raid Makeup,Latias,True,Shiny/Latias_shiny.png,Raids — Sunday — Habitat Raids — Shiny,Raid,Raids,Sunday,Habitat Raids,Latias
go_fest_2026_sunday_raid_makeup,GO Fest 2026 Sunday Raid Makeup,Latias,False,Normal/Latias.png,Raids — Sunday — Habitat Raids — Normal,Raid,Raids,Sunday,Habitat Raids,Latias
go_fest_2026_sunday_raid_makeup,GO Fest 2026 Sunday Raid Makeup,Latios,False,Normal/Latios.png,Raids — Sunday — Habitat Raids — Normal,Raid,Raids,Sunday,Habitat Raids,Latios
go_fest_2026_sunday_raid_makeup,GO Fest 2026 Sunday Raid Makeup,Latios,True,Shiny/Latios_shiny.png,Raids — Sunday — Habitat Raids — Shiny,Raid,Raids,Sunday,Habitat Raids,Latios
go_fest_2026_sunday_raid_makeup,GO Fest 2026 Sunday Raid Makeup,Latios,False,Normal/Latios.png,Raids — Sunday — Habitat Raids — Normal,Raid,Raids,Sunday,Habitat Raids,Latios
go_fest_2026_sunday_raid_makeup,GO Fest 2026 Sunday Raid Makeup,Cresselia,False,Normal/Cresselia.png,Raids — Sunday — Habitat Raids — Normal,Raid,Raids,Sunday,Habitat Raids,Cresselia
go_fest_2026_sunday_raid_makeup,GO Fest 2026 Sunday Raid Makeup,Cresselia,True,Shiny/Cresselia_shiny.png,Raids — Sunday — Habitat Raids — Shiny,Raid,Raids,Sunday,Habitat Raids,Cresselia
go_fest_2026_sunday_raid_makeup,GO Fest 2026 Sunday Raid Makeup,Cresselia,False,Normal/Cresselia.png,Raids — Sunday — Habitat Raids — Normal,Raid,Raids,Sunday,Habitat Raids,Cresselia
go_fest_2026_sunday_raid_makeup,GO Fest 2026 Sunday Raid Makeup,Darkrai,False,Normal/Darkrai.png,Raids — Sunday — Habitat Raids — Normal,Raid,Raids,Sunday,Habitat Raids,Darkrai
go_fest_2026_sunday_raid_makeup,GO Fest 2026 Sunday Raid Makeup,Darkrai,True,Shiny/Darkrai_shiny.png,Raids — Sunday — Habitat Raids — Shiny,Raid,Raids,Sunday,Habitat Raids,Darkrai
go_fest_2026_sunday_raid_makeup,GO Fest 2026 Sunday Raid Makeup,Darkrai,False,Normal/Darkrai.png,Raids — Sunday — Habitat Raids — Normal,Raid,Raids,Sunday,Habitat Raids,Darkrai
go_fest_2026_sunday_raid_makeup,GO Fest 2026 Sunday Raid Makeup,Cobalion,False,Normal/Cobalion.png,Raids — Sunday — Habitat Raids — Normal,Raid,Raids,Sunday,Habitat Raids,Cobalion
go_fest_2026_sunday_raid_makeup,GO Fest 2026 Sunday Raid Makeup,Cobalion,True,Shiny/Cobalion_shiny.png,Raids — Sunday — Habitat Raids — Shiny,Raid,Raids,Sunday,Habitat Raids,Cobalion
go_fest_2026_sunday_raid_makeup,GO Fest 2026 Sunday Raid Makeup,Cobalion,False,Normal/Cobalion.png,Raids — Sunday — Habitat Raids — Normal,Raid,Raids,Sunday,Habitat Raids,Cobalion
go_fest_2026_sunday_raid_makeup,GO Fest 2026 Sunday Raid Makeup,Terrakion,False,Normal/Terrakion.png,Raids — Sunday — Habitat Raids — Normal,Raid,Raids,Sunday,Habitat Raids,Terrakion
go_fest_2026_sunday_raid_makeup,GO Fest 2026 Sunday Raid Makeup,Terrakion,True,Shiny/Terrakion_shiny.png,Raids — Sunday — Habitat Raids — Shiny,Raid,Raids,Sunday,Habitat Raids,Terrakion
go_fest_2026_sunday_raid_makeup,GO Fest 2026 Sunday Raid Makeup,Terrakion,False,Normal/Terrakion.png,Raids — Sunday — Habitat Raids — Normal,Raid,Raids,Sunday,Habitat Raids,Terrakion
go_fest_2026_sunday_raid_makeup,GO Fest 2026 Sunday Raid Makeup,Virizion,False,Normal/Virizion.png,Raids — Sunday — Habitat Raids — Normal,Raid,Raids,Sunday,Habitat Raids,Virizion
go_fest_2026_sunday_raid_makeup,GO Fest 2026 Sunday Raid Makeup,Virizion,True,Shiny/Virizion_shiny.png,Raids — Sunday — Habitat Raids — Shiny,Raid,Raids,Sunday,Habitat Raids,Virizion
go_fest_2026_sunday_raid_makeup,GO Fest 2026 Sunday Raid Makeup,Virizion,False,Normal/Virizion.png,Raids — Sunday — Habitat Raids — Normal,Raid,Raids,Sunday,Habitat Raids,Virizion
go_fest_2026_sunday_raid_makeup,GO Fest 2026 Sunday Raid Makeup,Zacian,False,Normal/Zacian.png,Raids — Sunday — Habitat Raids — Normal,Raid,Raids,Sunday,Habitat Raids,Zacian (Hero of Many Battles)
go_fest_2026_sunday_raid_makeup,GO Fest 2026 Sunday Raid Makeup,Zacian,True,Shiny/Zacian_crowned_shiny.png,Raids — Sunday — Habitat Raids — Shiny,Raid,Raids,Sunday,Habitat Raids,Zacian (Hero of Many Battles)
go_fest_2026_sunday_raid_makeup,GO Fest 2026 Sunday Raid Makeup,Zacian,False,Normal/Zacian.png,Raids — Sunday — Habitat Raids — Normal,Raid,Raids,Sunday,Habitat Raids,Zacian (Hero of Many Battles)
go_fest_2026_sunday_raid_makeup,GO Fest 2026 Sunday Raid Makeup,Zamazenta,False,Normal/Zamazenta.png,Raids — Sunday — Habitat Raids — Normal,Raid,Raids,Sunday,Habitat Raids,Zamazenta (Hero of Many Battles)
go_fest_2026_sunday_raid_makeup,GO Fest 2026 Sunday Raid Makeup,Zamazenta,True,Shiny/Zamazenta_crowned_shiny.png,Raids — Sunday — Habitat Raids — Shiny,Raid,Raids,Sunday,Habitat Raids,Zamazenta (Hero of Many Battles)
go_fest_2026_sunday_raid_makeup,GO Fest 2026 Sunday Raid Makeup,Zamazenta,False,Normal/Zamazenta.png,Raids — Sunday — Habitat Raids — Normal,Raid,Raids,Sunday,Habitat Raids,Zamazenta (Hero of Many Battles)
go_fest_2026_sunday_raid_makeup,GO Fest 2026 Sunday Raid Makeup,Pikachu,False,Costume/Pikachu_instinct.png,Raids — Sunday — Habitat Raids — Normal,Raid,Raids,Sunday,Habitat Raids,Pikachu wearing a Team Instinct hat
go_fest_2026_sunday_raid_makeup,GO Fest 2026 Sunday Raid Makeup,Pikachu,False,Costume/Pikachu_mystic.png,Raids — Sunday — Habitat Raids — Normal,Raid,Raids,Sunday,Habitat Raids,Pikachu wearing a Team Mystic hat
go_fest_2026_sunday_raid_makeup,GO Fest 2026 Sunday Raid Makeup,Pikachu,False,Costume/Pikachu_party_hat.png,Raids — Sunday — Habitat Raids — Normal,Raid,Raids,Sunday,Habitat Raids,Pikachu wearing a Team Valor hat
go_fest_2026_sunday_raid_makeup,GO Fest 2026 Sunday Raid Makeup,Mewtwo,False,Mega/Mewtwo_x_mega.png,Raids — Sunday — Habitat Raids — Mega — Normal,Raid,Raids,Sunday,Habitat Raids,Mega Mewtwo Y
